municipality,hour,avg_cyclists
Aalst,0,0.21085344638302903
Aalst,1,0.14417489956723392
Aalst,2,0.1035594860217609
Aalst,3,0.08996148128125422
Aalst,4,0.1110920565235286
Aalst,5,0.40830298124915687
Aalst,6,1.132708294689982
Aalst,7,4.145085408832605
Aalst,8,5.330702819371375
Aalst,9,2.427381414093722
Aalst,10,2.7080339977739554
Aalst,11,2.989714015917982
Aalst,12,3.6220996897342506
Aalst,13,3.3371612620360533
Aalst,14,4.053171217052564
Aalst,15,5.090976543397245
Aalst,16,6.11674930014503
Aalst,17,4.362817832332906
Aalst,18,2.6805712455107993
Aalst,19,1.8029508473147289
Aalst,20,1.2717002765225602
Aalst,21,0.9692452957442503
Aalst,22,0.7171761452730614
Aalst,23,0.34327250649306845
Aalter,0,0.4447278911564626
Aalter,1,0.26634542705971276
Aalter,2,0.19806671721000757
Aalter,3,0.28732048374905517
Aalter,4,0.536214069591528
Aalter,5,1.7383698940998487
Aalter,6,2.4735249621785176
Aalter,7,7.8125
Aalter,8,6.8057866868381245
Aalter,9,3.7927221172022683
Aalter,10,4.037037037037037
Aalter,11,4.198885109599395
Aalter,12,5.055744520030235
Aalter,13,5.120842781557068
Aalter,14,5.690759637188209
Aalter,15,6.651832955404384
Aalter,16,9.12481103552532
Aalter,17,7.2647392290249435
Aalter,18,4.20578231292517
Aalter,19,2.49848828420257
Aalter,20,1.9450113378684808
Aalter,21,1.83994708994709
Aalter,22,1.4154383975812548
Aalter,23,0.58078231292517
Aarschot,0,0.5520164168451106
Aarschot,1,0.4650249821556031
Aarschot,2,0.3309770937723694
Aarschot,3,0.21315132048536758
Aarschot,4,0.2702606212067119
Aarschot,5,0.9520535714285714
Aarschot,6,2.5024107142857144
Aarschot,7,6.689732142857143
Aarschot,8,13.365089285714285
Aarschot,9,4.260574692129216
Aarschot,10,4.206370449678801
Aarschot,11,4.406406138472519
Aarschot,12,6.633565310492505
Aarschot,13,4.844932191291934
Aarschot,14,5.58779443254818
Aarschot,15,10.343861527480371
Aarschot,16,7.936206281227695
Aarschot,17,6.614917915774447
Aarschot,18,4.205745895788723
Aarschot,19,2.763918629550321
Aarschot,20,2.1488222698072805
Aarschot,21,1.756602426837973
Aarschot,22,1.4134546752319772
Aarschot,23,0.8521591720199857
Ardooie,0,0.08866631980575788
Ardooie,1,0.07054283732223378
Ardooie,2,0.07865217391304348
Ardooie,3,0.07492195629552549
Ardooie,4,0.48829242910415405
Ardooie,5,0.5601353696633113
Ardooie,6,0.648125650815689
Ardooie,7,1.8366452620617841
Ardooie,8,1.1787139881985422
Ardooie,9,0.6073845886844845
Ardooie,10,0.568943075321069
Ardooie,11,0.6640923290524123
Ardooie,12,1.2713467545990975
Ardooie,13,1.2306490801804928
Ardooie,14,0.7693943075321069
Ardooie,15,0.8838510933703575
Ardooie,16,1.6878687955570981
Ardooie,17,1.3683616799722318
Ardooie,18,0.788528288788615
Ardooie,19,0.4355258590767095
Ardooie,20,0.4752690038181187
Ardooie,21,0.7224054147865324
Ardooie,22,0.194376952447067
Ardooie,23,0.1285577924331829
As,0,0.053083391730904
As,1,0.02602979842243646
As,2,0.023030942334739804
As,3,0.019635343618513323
As,4,0.1076437587657784
As,5,0.3284537166900421
As,6,1.4266304347826086
As,7,1.8896388499298737
As,8,2.009467040673212
As,9,4.248246844319776
As,10,6.809849281458114
As,11,8.863238128613983
As,12,8.450770847932725
As,13,10.487210932025228
As,14,11.381920112123336
As,15,9.539943938332165
As,16,7.81114225648213
As,17,4.742466713384723
As,18,2.3039593552908197
As,19,1.4004029432375613
As,20,0.8727224947442186
As,21,0.3648388227049755
As,22,0.2954625087596356
As,23,0.0861948142957253
Asse,0,0.03896508728179551
Asse,1,0.028119429590017824
Asse,2,0.022747586700035752
Asse,3,0.058823529411764705
Asse,4,0.08783422459893048
Asse,5,0.22835874119639832
Asse,6,0.46941868758915833
Asse,7,0.948555634807418
Asse,8,1.1393990727532097
Asse,9,0.5202835235378032
Asse,10,0.6298359778926725
Asse,11,0.6352049910873441
Asse,12,0.7489750445632799
Asse,13,0.6206773618538325
Asse,14,0.6955436720142603
Asse,15,0.8690285204991087
Asse,16,1.2145276292335117
Asse,17,0.8872994652406417
Asse,18,0.4934491978609626
Asse,19,0.3424688057040998
Asse,20,0.253475935828877
Asse,21,0.1963903743315508
Asse,22,0.14224598930481283
Asse,23,0.05017825311942959
Balen,0,0.0944304435483871
Balen,1,0.07404233870967741
Balen,2,0.05651031136271735
Balen,3,0.05075732755361778
Balen,4,0.15097190565216279
Balen,5,0.30585387989714113
Balen,6,0.7030304558289633
Balen,7,1.4346762807583704
Balen,8,1.131574965958949
Balen,9,0.8940043366446473
Balen,10,1.0317416296893909
Balen,11,1.107250907624042
Balen,12,1.311264622831787
Balen,13,1.4997226704316255
Balen,14,1.7598830173457038
Balen,15,1.9643253327954822
Balen,16,2.1531867688584105
Balen,17,1.3914380798709156
Balen,18,1.0056726502622024
Balen,19,0.7247630092779347
Balen,20,0.582518152480839
Balen,21,0.41337232755143205
Balen,22,0.27533783783783783
Balen,23,0.14470896802178956
Beersel,0,0.0802148612354521
Beersel,1,0.06968828376925833
Beersel,2,0.048598634567014014
Beersel,3,0.05128090290218559
Beersel,4,0.05096739519885346
Beersel,5,0.10292010032246507
Beersel,6,0.2719455392332497
Beersel,7,0.5255732712289501
Beersel,8,0.7040487280544607
Beersel,9,0.40196166248656395
Beersel,10,0.4050071658903619
Beersel,11,0.45953808969653565
Beersel,12,0.5068922305764411
Beersel,13,0.4228428213390619
Beersel,14,0.4523809523809524
Beersel,15,0.6439312567132116
Beersel,16,0.6079484425349087
Beersel,17,0.6752148227712137
Beersel,18,0.5729949874686717
Beersel,19,0.3485499462943072
Beersel,20,0.23999641929997315
Beersel,21,0.180413756045137
Beersel,22,0.13530096739519884
Beersel,23,0.1065030455034038
Bertem,0,0.0294811320754717
Bertem,1,0.027122641509433963
Bertem,2,0.024404761904761905
Bertem,3,0.011848341232227487
Bertem,4,0.013033175355450236
Bertem,5,0.10426540284360189
Bertem,6,0.24585308056872038
Bertem,7,1.082345971563981
Bertem,8,1.1475118483412323
Bertem,9,1.0005924170616114
Bertem,10,0.8341232227488151
Bertem,11,1.0231042654028435
Bertem,12,0.8672985781990521
Bertem,13,0.9869976359338062
Bertem,14,1.267688679245283
Bertem,15,1.2765330188679245
Bertem,16,1.4310141509433962
Bertem,17,1.4121462264150944
Bertem,18,1.0400943396226414
Bertem,19,0.4681603773584906
Bertem,20,0.2099056603773585
Bertem,21,0.10554245283018868
Bertem,22,0.08254716981132075
Bertem,23,0.038325471698113206
Beveren,0,0.3239573229873909
Beveren,1,0.22719332298136646
Beveren,2,0.16107971155720133
Beveren,3,0.13267884914463451
Beveren,4,0.4037526735368462
Beveren,5,0.743729340851643
Beveren,6,1.631246354267937
Beveren,7,4.441473847948668
Beveren,8,4.0940112774645145
Beveren,9,2.8528096441765505
Beveren,10,3.081924198250729
Beveren,11,3.186723602484472
Beveren,12,3.969356089992242
Beveren,13,3.812063615205586
Beveren,14,4.4186384794414275
Beveren,15,4.703646237393328
Beveren,16,6.620927075252133
Beveren,17,4.606089992242048
Beveren,18,2.764255236617533
Beveren,19,2.015321955003879
Beveren,20,1.4985453840186191
Beveren,21,1.2203258339798293
Beveren,22,1.1506012412723041
Beveren,23,0.4993211792086889
Bilzen,0,0.16984304932735425
Bilzen,1,0.10553403995108031
Bilzen,2,0.05702177877910095
Bilzen,3,0.035415817366490014
Bilzen,4,0.07067876070118223
Bilzen,5,0.39828781084386466
Bilzen,6,0.7487260497350183
Bilzen,7,1.5122299225438238
Bilzen,8,3.154300856094578
Bilzen,9,1.2943334692213615
Bilzen,10,1.71804932735426
Bilzen,11,1.9029759478189971
Bilzen,12,2.8355075417855686
Bilzen,13,2.434162250305748
Bilzen,14,2.6955258866693845
Bilzen,15,3.798868732164696
Bilzen,16,3.1878312270688953
Bilzen,17,2.296881369751325
Bilzen,18,1.5694557684467998
Bilzen,19,1.1714737056665308
Bilzen,20,0.9400224215246636
Bilzen,21,0.7153995108030983
Bilzen,22,0.6273440684875663
Bilzen,23,0.28392292792333573
Bokrijk,0,0.26820884429580083
Bokrijk,1,0.1855842467025822
Bokrijk,2,0.1375582479030755
Bokrijk,3,0.11347583643122676
Bokrijk,4,0.20052034937743915
Bokrijk,5,0.5946688650728222
Bokrijk,6,1.3670422277182377
Bokrijk,7,2.919728763859617
Bokrijk,8,3.53234835275764
Bokrijk,9,1.9080164910673385
Bokrijk,10,2.1779326790791527
Bokrijk,11,2.2537149146945517
Bokrijk,12,2.9080480866293477
Bokrijk,13,3.226389143590684
Bokrijk,14,3.7289813880993856
Bokrijk,15,4.103356566397652
Bokrijk,16,4.4112577924459115
Bokrijk,17,3.528526875802605
Bokrijk,18,2.2770344574780057
Bokrijk,19,1.294128423559586
Bokrijk,20,0.9849871841816185
Bokrijk,21,0.6969419520234389
Bokrijk,22,0.840432353210589
Bokrijk,23,0.3839465495149185
Brasschaat,0,0.5628781766841469
Brasschaat,1,0.34285498184751917
Brasschaat,2,0.2255006067961165
Brasschaat,3,0.22333156846431182
Brasschaat,4,0.3618757708557483
Brasschaat,5,1.3101674399838612
Brasschaat,6,2.7222110147266494
Brasschaat,7,8.317253379059915
Brasschaat,8,8.87729473471858
Brasschaat,9,3.5901502925156343
Brasschaat,10,3.4850463990316722
Brasschaat,11,3.9754387734516845
Brasschaat,12,5.376386927577164
Brasschaat,13,5.167994754892072
Brasschaat,14,5.470546701634053
Brasschaat,15,7.007338107726447
Brasschaat,16,9.281319346378858
Brasschaat,17,6.990165422634658
Brasschaat,18,4.532655840225943
Brasschaat,19,2.765130119023603
Brasschaat,20,2.127244300988501
Brasschaat,21,1.6078273149082105
Brasschaat,22,1.608079483558604
Brasschaat,23,0.8959489456159823
Brecht,0,0.06868330620365347
Brecht,1,0.05386215629522431
Brecht,2,0.04091074020319303
Brecht,3,0.023109623733719248
Brecht,4,0.07443921852387844
Brecht,5,0.3220392653578214
Brecht,6,1.0406261310170104
Brecht,7,2.336454940282302
Brecht,8,1.4465255157437569
Brecht,9,1.0381378935939196
Brecht,10,1.3086319218241043
Brecht,11,1.3828400760249797
Brecht,12,1.5966793340571843
Brecht,13,1.7751085776330076
Brecht,14,1.7984980094100615
Brecht,15,1.9776058631921825
Brecht,16,2.6789721317408612
Brecht,17,1.9740318494390157
Brecht,18,1.120114006514658
Brecht,19,0.7397303655446978
Brecht,20,0.48792073832790445
Brecht,21,0.3202587766920014
Brecht,22,0.2468783930510315
Brecht,23,0.123914223669924
Bree,0,0.11829365531381707
Bree,1,0.08275430003417246
Bree,2,0.05276984580239863
Bree,3,0.043168745372743324
Bree,4,0.0734746913944835
Bree,5,0.21461525317537164
Bree,6,0.8942871789030017
Bree,7,2.4178390385601185
Bree,8,11.38520248333998
Bree,9,2.4155607450019936
Bree,10,3.683904772753161
Bree,11,3.6570793940084294
Bree,12,7.227702471807723
Bree,13,4.396457455291036
Bree,14,5.281865816152181
Bree,15,12.478300489805218
Bree,16,6.1083266886889165
Bree,17,3.6481376010935187
Bree,18,2.1300261988836997
Bree,19,1.7185898166078142
Bree,20,1.3113680373618863
Bree,21,0.7554391160724456
Bree,22,0.44794395717052055
Bree,23,0.1988947128532361
Brugge,0,0.5807702739354489
Brugge,1,0.42752306022788933
Brugge,2,0.3033081234017085
Brugge,3,0.236019536019536
Brugge,4,0.316170085748399
Brugge,5,0.6233105357433643
Brugge,6,1.5560863075044105
Brugge,7,6.861620712114633
Brugge,8,6.094648865733203
Brugge,9,3.286600092263439
Brugge,10,3.569123673569083
Brugge,11,3.75825010855406
Brugge,12,4.6967377734353795
Brugge,13,4.013053625705601
Brugge,14,4.245006513243595
Brugge,15,4.816570777247069
Brugge,16,7.867102692140686
Brugge,17,6.488018345636127
Brugge,18,4.202317629179332
Brugge,19,2.960201367781155
Brugge,20,2.0974408380373424
Brugge,21,1.697348782936691
Brugge,22,1.275358189514816
Brugge,23,0.925683193573774
Deinze,0,0.04320119951269796
Deinze,1,0.03355830521184852
Deinze,2,0.027359909740503948
Deinze,3,0.03670886075949367
Deinze,4,0.208036384096024
Deinze,5,0.4360933983495874
Deinze,6,0.947439984996249
Deinze,7,2.1555232558139537
Deinze,8,1.5374624906226557
Deinze,9,0.7055404518608793
Deinze,10,0.7347206599175103
Deinze,11,0.756678226637923
Deinze,12,1.2150018740629684
Deinze,13,1.0229104197901049
Deinze,14,1.0601105697151425
Deinze,15,1.287856071964018
Deinze,16,2.1789261619190405
Deinze,17,1.7580116191904047
Deinze,18,0.8302567466266867
Deinze,19,0.4768084707646177
Deinze,20,0.3280547226386807
Deinze,21,0.3255247376311844
Deinze,22,0.2628841829085457
Deinze,23,0.07177661169415292
Dendermonde,0,0.9462037390309043
Dendermonde,1,0.7537199542159481
Dendermonde,2,0.591513585916571
Dendermonde,3,0.48650324303700876
Dendermonde,4,0.6685752457295544
Dendermonde,5,1.9109870179457809
Dendermonde,6,3.7664662084765177
Dendermonde,7,12.516466208476517
Dendermonde,8,12.32369224894998
Dendermonde,9,6.13659793814433
Dendermonde,10,7.242220313096602
Dendermonde,11,7.729906452844597
Dendermonde,12,10.157407407407407
Dendermonde,13,7.74813966800229
Dendermonde,14,9.436903853491033
Dendermonde,15,16.226631056848532
Dendermonde,16,13.503719954215947
Dendermonde,17,10.795831743609309
Dendermonde,18,7.531571919114842
Dendermonde,19,5.2282525753529185
Dendermonde,20,3.749141549027089
Dendermonde,21,3.019696680656238
Dendermonde,22,2.525228920259443
Dendermonde,23,1.3645078214421977
Diest,0,0.16841724013038753
Diest,1,0.08304654953812715
Diest,2,0.043968023255813955
Diest,3,0.04515398550724638
Diest,4,0.10448369565217391
Diest,5,0.40375905797101447
Diest,6,0.5458333333333333
Diest,7,0.9293025362318841
Diest,8,1.8815670289855073
Diest,9,1.9732789855072463
Diest,10,2.4680166711968834
Diest,11,2.576930047118521
Diest,12,2.846986859990938
Diest,13,2.7045392769774397
Diest,14,3.039914824211671
Diest,15,3.1710311707140266
Diest,16,3.289447463768116
Diest,17,2.790534420289855
Diest,18,2.04705615942029
Diest,19,1.3962862318840579
Diest,20,0.933786231884058
Diest,21,0.5879528985507246
Diest,22,0.4312952898550725
Diest,23,0.2533514492753623
Evergem,0,0.17041740840130723
Evergem,1,0.11168639053254438
Evergem,2,0.08453550235318191
Evergem,3,0.1223729851050806
Evergem,4,0.6219201142682242
Evergem,5,0.821734693877551
Evergem,6,1.6491326530612245
Evergem,7,3.7651785714285713
Evergem,8,4.236173469387755
Evergem,9,1.305765306122449
Evergem,10,1.2965051020408163
Evergem,11,1.5287755102040816
Evergem,12,2.520764246722106
Evergem,13,2.0958795764765914
Evergem,14,2.2536738442698234
Evergem,15,3.2401540659116415
Evergem,16,3.8918222630343844
Evergem,17,3.1640393837363536
Evergem,18,1.8282828282828283
Evergem,19,1.0743036424854606
Evergem,20,0.9140393837363534
Evergem,21,0.9281195796347311
Evergem,22,0.8026987042138557
Evergem,23,0.29231201041055344
Geel,0,0.2735453875897625
Geel,1,0.23577610016571535
Geel,2,0.15710987996306555
Geel,3,0.1817344448026528
Geel,4,0.4798710271764164
Geel,5,2.810507646950433
Geel,6,2.7631748664086975
Geel,7,4.805210060807076
Geel,8,4.038948774645292
Geel,9,1.8628155518702783
Geel,10,1.945926028280595
Geel,11,1.9980655858511422
Geel,12,2.95334377302874
Geel,13,4.592512433228956
Geel,14,4.694142567692024
Geel,15,4.451579480567323
Geel,16,5.479991711180697
Geel,17,3.2737612820040525
Geel,18,1.8984389390311291
Geel,19,1.1467351261742493
Geel,20,1.046578559587401
Geel,21,1.3384370970712838
Geel,22,2.4324921716706576
Geel,23,0.4220620740467858
Genk,0,0.1557839580814188
Genk,1,0.1355368569557112
Genk,2,0.07630878438331855
Genk,3,0.05625
Genk,4,0.05141129032258065
Genk,5,0.0732358870967742
Genk,6,0.17459677419354838
Genk,7,0.6600302419354839
Genk,8,0.8790826612903225
Genk,9,0.9086189516129032
Genk,10,1.325
Genk,11,1.3935987903225806
Genk,12,1.3868951612903226
Genk,13,1.5699092741935483
Genk,14,1.8060483870967743
Genk,15,1.9337701612903226
Genk,16,2.0016129032258063
Genk,17,1.615171370967742
Genk,18,1.0985887096774194
Genk,19,0.8510584677419355
Genk,20,0.6641129032258064
Genk,21,0.5088709677419355
Genk,22,0.36673387096774196
Genk,23,0.23202581425834426
Gent,0,0.6133032694475761
Gent,1,0.39192602248655695
Gent,2,0.3329178586023703
Gent,3,0.36680929095354525
Gent,4,1.2241035044824775
Gent,5,1.510002444589309
Gent,6,2.0621536831812257
Gent,7,5.9069222620599735
Gent,8,8.876441347838487
Gent,9,3.9523586442887404
Gent,10,3.6416731153015927
Gent,11,4.012014825072293
Gent,12,6.012054080469132
Gent,13,5.322850512945775
Gent,14,4.771311675622862
Gent,15,6.2525439596222725
Gent,16,8.925384678010259
Gent,17,9.3112024749654
Gent,18,5.933459534277805
Gent,19,3.6702084351082886
Gent,20,2.9590661130109104
Gent,21,2.6587689301416706
Gent,22,1.7884036144578312
Gent,23,1.0038878032893666
Gierle,0,0.08526842778014486
Gierle,1,0.07850447379633575
Gierle,2,0.049994652978291095
Gierle,3,0.03891257995735608
Gierle,4,0.11060767590618337
Gierle,5,0.39232409381663114
Gierle,6,0.5804904051172708
Gierle,7,1.2816631130063967
Gierle,8,0.9959488272921109
Gierle,9,0.6902985074626866
Gierle,10,0.8257462686567164
Gierle,11,0.9252132196162047
Gierle,12,1.129957356076759
Gierle,13,1.1285303207929234
Gierle,14,1.1488545551411828
Gierle,15,1.2547652007240975
Gierle,16,1.4954748722316866
Gierle,17,1.2224765758091993
Gierle,18,0.7003833049403748
Gierle,19,0.5471678023850085
Gierle,20,0.4295144804088586
Gierle,21,0.3828258091993186
Gierle,22,0.30706984667802384
Gierle,23,0.12086039825364711
Grimbergen,0,0.14825877895963865
Grimbergen,1,0.06858088658606794
Grimbergen,2,0.0775837182448037
Grimbergen,3,0.09297639608520437
Grimbergen,4,0.16724237190558433
Grimbergen,5,0.3192285549798503
Grimbergen,6,1.3696027633851469
Grimbergen,7,4.75404880155474
Grimbergen,8,5.186582205585949
Grimbergen,9,2.132987910189983
Grimbergen,10,1.8453511801957398
Grimbergen,11,2.221286701208981
Grimbergen,12,2.481937248128958
Grimbergen,13,1.99906441165887
Grimbergen,14,1.966609096142775
Grimbergen,15,2.8378767172552686
Grimbergen,16,4.678368462700525
Grimbergen,17,3.7216947201841464
Grimbergen,18,2.338751438434983
Grimbergen,19,1.3486047180667433
Grimbergen,20,0.8720512082853855
Grimbergen,21,0.5161104718066744
Grimbergen,22,0.35752301495972383
Grimbergen,23,0.25244533947065595
Hamme,0,0.29339876828329486
Hamme,1,0.2164164742109315
Hamme,2,0.21274131274131275
Hamme,3,0.16705157813702848
Hamme,4,0.6816169393647739
Hamme,5,1.4764060092449922
Hamme,6,2.828004622496148
Hamme,7,6.072708012326657
Hamme,8,4.039869029275809
Hamme,9,2.1180662557781202
Hamme,10,2.244510785824345
Hamme,11,2.4895993836671804
Hamme,12,3.332530816640986
Hamme,13,3.2897421093148576
Hamme,14,3.655985373364126
Hamme,15,4.068321785989222
Hamme,16,5.694476520400308
Hamme,17,5.083333333333333
Hamme,18,2.912913779830639
Hamme,19,1.926289453425712
Hamme,20,1.530504234026174
Hamme,21,1.1545419553502694
Hamme,22,1.223922247882987
Hamme,23,0.5017321016166282
Hasselt,0,1.8422137290167866
Hasselt,1,1.4177907673860912
Hasselt,2,1.1725899767074912
Hasselt,3,0.8536356821589205
Hasselt,4,0.8720380923815237
Hasselt,5,1.9320807080708071
Hasselt,6,4.035816081608161
Hasselt,7,11.107148214821482
Hasselt,8,23.498087308730874
Hasselt,9,12.664641464146415
Hasselt,10,14.541741674167417
Hasselt,11,14.8793594839871
Hasselt,12,18.09403824521935
Hasselt,13,15.769248069570432
Hasselt,14,16.402413431269675
Hasselt,15,22.355103417266186
Hasselt,16,22.083370803357315
Hasselt,17,19.392723321342924
Hasselt,18,12.86945443645084
Hasselt,19,8.991381894484412
Hasselt,20,7.016037170263789
Hasselt,21,5.834494904076738
Hasselt,22,4.715677458033573
Hasselt,23,2.6873875899280577
Heers,0,0.015854074326628026
Heers,1,0.008651551312649164
Heers,2,0.012863247863247863
Heers,3,0.004474940334128878
Heers,4,0.007631960433188369
Heers,5,0.0235354310565362
Heers,6,0.06761596180081855
Heers,7,0.13237551159618008
Heers,8,0.27596350613915416
Heers,9,0.4519525920873124
Heers,10,0.6841746248294679
Heers,11,0.8512107776261937
Heers,12,0.8948669849931787
Heers,13,0.9733117326057299
Heers,14,1.0575972032742156
Heers,15,1.0034106412005457
Heers,16,0.7420702592087313
Heers,17,0.5145804911323328
Heers,18,0.3049965893587995
Heers,19,0.2359737380627558
Heers,20,0.15991643929058663
Heers,21,0.07857264665757162
Heers,22,0.04723738062755798
Heers,23,0.02660300136425648
Heist op den Berg,0,0.27459625607820415
Heist op den Berg,1,0.18551725889614182
Heist op den Berg,2,0.16131722604124546
Heist op den Berg,3,0.15115927419354838
Heist op den Berg,4,0.1890625
Heist op den Berg,5,0.622101814516129
Heist op den Berg,6,1.3264364919354839
Heist op den Berg,7,3.638760080645161
Heist op den Berg,8,5.400655241935484
Heist op den Berg,9,1.749344758064516
Heist op den Berg,10,1.9651461693548387
Heist op den Berg,11,1.9493951612903226
Heist op den Berg,12,3.0055191532258063
Heist op den Berg,13,2.4953125
Heist op den Berg,14,2.923210685483871
Heist op den Berg,15,4.481527217741935
Heist op den Berg,16,3.998840725806452
Heist op den Berg,17,3.110282258064516
Heist op den Berg,18,1.8648689516129033
Heist op den Berg,19,1.2375504032258065
Heist op den Berg,20,0.9877016129032258
Heist op den Berg,21,0.7223034274193548
Heist op den Berg,22,0.7909274193548387
Heist op den Berg,23,0.42606130886356763
Herent,0,0.44653944485025565
Herent,1,0.29660398028117585
Herent,2,0.21213369963369963
Herent,3,0.17377798081315668
Herent,4,0.17027595029239767
Herent,5,0.4233826754385965
Herent,6,1.799954317039744
Herent,7,6.813887619917771
Herent,8,8.433120146185473
Herent,9,3.3686494883040936
Herent,10,2.937505710370032
Herent,11,2.93172268907563
Herent,12,3.8986572890025575
Herent,13,3.6706247716477893
Herent,14,3.367784070149799
Herent,15,4.582054093567251
Herent,16,7.00251256281407
Herent,17,6.840003654970761
Herent,18,4.805408368353737
Herent,19,2.6414930555555554
Herent,20,1.7785290086797625
Herent,21,1.52658748286889
Herent,22,1.3585198720877112
Herent,23,0.7563505116959064
Herentals,0,0.18795454545454546
Herentals,1,0.14496180429247
Herentals,2,0.10261789656116027
Herentals,3,0.12736535662299855
Herentals,4,0.3986080786026201
Herentals,5,2.8144559679767105
Herentals,6,3.137872998544396
Herentals,7,5.614173944687045
Herentals,8,5.311317321688501
Herentals,9,3.7453602620087336
Herentals,10,4.614628820960698
Herentals,11,4.555040029112082
Herentals,12,4.854888585720782
Herentals,13,6.862449981811568
Herentals,14,7.721853401236813
Herentals,15,7.053655874863587
Herentals,16,7.863404874499818
Herentals,17,5.079301564205165
Herentals,18,2.952937431793379
Herentals,19,2.1156329574390687
Herentals,20,1.690842124408876
Herentals,21,1.735994907238996
Herentals,22,2.2281284103310295
Herentals,23,0.2958348490360131
Herk De Stad,0,0.2156108975430386
Herk De Stad,1,0.2352474088933467
Herk De Stad,2,0.17507542742205834
Herk De Stad,3,0.11179371447676363
Herk De Stad,4,0.11070712136409228
Herk De Stad,5,0.38955772928684895
Herk De Stad,6,0.9553511705685619
Herk De Stad,7,1.8701505016722408
Herk De Stad,8,6.993394648829431
Herk De Stad,9,1.968938127090301
Herk De Stad,10,2.360994983277592
Herk De Stad,11,2.374540133779264
Herk De Stad,12,3.5781772575250836
Herk De Stad,13,3.0158026755852845
Herk De Stad,14,3.120484949832776
Herk De Stad,15,3.14811872909699
Herk De Stad,16,6.973913043478261
Herk De Stad,17,3.07930602006689
Herk De Stad,18,1.8641304347826086
Herk De Stad,19,1.3207357859531772
Herk De Stad,20,1.036036789297659
Herk De Stad,21,0.7427257525083613
Herk De Stad,22,0.5759197324414715
Herk De Stad,23,0.3274247491638796
Heverlee,0,0.3907278794985118
Heverlee,1,0.2648226694341666
Heverlee,2,0.16211078928312816
Heverlee,3,0.10722021660649819
Heverlee,4,0.10753610108303249
Heverlee,5,0.19291516245487364
Heverlee,6,0.6385830324909747
Heverlee,7,4.444945848375451
Heverlee,8,7.300361010830325
Heverlee,9,3.2509927797833935
Heverlee,10,3.505370036101083
Heverlee,11,3.668727436823105
Heverlee,12,4.4485559566787005
Heverlee,13,3.9398682785997834
Heverlee,14,4.051245037892458
Heverlee,15,5.579303500541321
Heverlee,16,6.799666185492602
Heverlee,17,5.702995308552869
Heverlee,18,4.164922410682064
Heverlee,19,2.582867195958138
Heverlee,20,1.8247022735474558
Heverlee,21,1.5026163839769036
Heverlee,22,1.1408336340671237
Heverlee,23,0.7166636593287622
Hoeilaart,0,0.10720973782771535
Hoeilaart,1,0.0702247191011236
Hoeilaart,2,0.03820754716981132
Hoeilaart,3,0.02631578947368421
Hoeilaart,4,0.046052631578947366
Hoeilaart,5,0.14144736842105263
Hoeilaart,6,0.6738721804511278
Hoeilaart,7,3.8406954887218046
Hoeilaart,8,5.084586466165414
Hoeilaart,9,2.3594924812030076
Hoeilaart,10,2.257048872180451
Hoeilaart,11,2.754229323308271
Hoeilaart,12,2.8092105263157894
Hoeilaart,13,2.4049625468164795
Hoeilaart,14,2.7874531835205993
Hoeilaart,15,2.919943820224719
Hoeilaart,16,3.853932584269663
Hoeilaart,17,5.08567415730337
Hoeilaart,18,4.004681647940075
Hoeilaart,19,1.8544007490636705
Hoeilaart,20,0.6161048689138576
Hoeilaart,21,0.3202247191011236
Hoeilaart,22,0.29307116104868913
Hoeilaart,23,0.2045880149812734
Houthalen-Helchteren,0,0.028854723707664884
Houthalen-Helchteren,1,0.02517825311942959
Houthalen-Helchteren,2,0.01619749776586238
Houthalen-Helchteren,3,0.00836306868867083
Houthalen-Helchteren,4,0.028657448706512042
Houthalen-Helchteren,5,0.3456735057983943
Houthalen-Helchteren,6,1.3612845673505798
Houthalen-Helchteren,7,2.099799286351472
Houthalen-Helchteren,8,2.0051293487957182
Houthalen-Helchteren,9,2.849464763603925
Houthalen-Helchteren,10,4.011485280999108
Houthalen-Helchteren,11,4.275758251561106
Houthalen-Helchteren,12,3.9623104371097235
Houthalen-Helchteren,13,5.838537020517395
Houthalen-Helchteren,14,7.200111482720178
Houthalen-Helchteren,15,6.37533422459893
Houthalen-Helchteren,16,5.560940285204991
Houthalen-Helchteren,17,3.5296345811051695
Houthalen-Helchteren,18,2.022615864527629
Houthalen-Helchteren,19,1.3231951871657754
Houthalen-Helchteren,20,0.8197415329768271
Houthalen-Helchteren,21,0.36842691622103385
Houthalen-Helchteren,22,0.14850713012477718
Houthalen-Helchteren,23,0.06016042780748663
Ieper,0,0.14266111898016998
Ieper,1,0.11827195467422097
Ieper,2,0.09912109375
Ieper,3,0.09430620738510581
Ieper,4,0.2636871013465627
Ieper,5,0.5502746279234585
Ieper,6,1.520198440822112
Ieper,7,3.946979092841956
Ieper,8,3.521925939050319
Ieper,9,1.6063961729270022
Ieper,10,1.6627834868887315
Ieper,11,1.7722320637732507
Ieper,12,2.526567481402763
Ieper,13,2.0732063773250666
Ieper,14,2.1852360286954213
Ieper,15,2.680038965639391
Ieper,16,4.821997874601488
Ieper,17,3.4987601842012044
Ieper,18,2.012353878852285
Ieper,19,1.1923485653560042
Ieper,20,0.9011246900460503
Ieper,21,0.7438452001416932
Ieper,22,0.38930216082182073
Ieper,23,0.20846617074034715
Kampenhout,0,0.26864812189936216
Kampenhout,1,0.20229447200566975
Kampenhout,2,0.1814587775408671
Kampenhout,3,0.12717044649184975
Kampenhout,4,0.22206468763845813
Kampenhout,5,0.6505319148936171
Kampenhout,6,1.6677304964539008
Kampenhout,7,3.6943705673758864
Kampenhout,8,3.296985815602837
Kampenhout,9,1.7854166666666667
Kampenhout,10,1.9679078014184397
Kampenhout,11,2.251196808510638
Kampenhout,12,2.788031914893617
Kampenhout,13,2.6243794326241137
Kampenhout,14,3.076374113475177
Kampenhout,15,3.323980496453901
Kampenhout,16,4.691356382978723
Kampenhout,17,4.078900709219858
Kampenhout,18,2.438741134751773
Kampenhout,19,1.5406471631205674
Kampenhout,20,1.1431294326241135
Kampenhout,21,0.8919769503546099
Kampenhout,22,0.6924202127659574
Kampenhout,23,0.45811170212765956
Kortrijk,0,0.578847453264262
Kortrijk,1,0.4202362179384031
Kortrijk,2,0.2957978311386522
Kortrijk,3,0.24746327674384405
Kortrijk,4,0.38697996298382553
Kortrijk,5,0.8194444444444444
Kortrijk,6,1.4877526715591605
Kortrijk,7,4.306360242049697
Kortrijk,8,6.746378910776362
Kortrijk,9,3.041827603965495
Kortrijk,10,3.537305265868418
Kortrijk,11,3.7607988927513842
Kortrijk,12,5.052723059096176
Kortrijk,13,4.197453971932535
Kortrijk,14,4.4990826278688
Kortrijk,15,5.253830307712115
Kortrijk,16,7.3936848203939745
Kortrijk,17,6.296945410068237
Kortrijk,18,4.3952941933822585
Kortrijk,19,3.0983165958542553
Kortrijk,20,2.12456552523172
Kortrijk,21,1.8080104273944386
Kortrijk,22,1.2162879763130794
Kortrijk,23,0.8891070623833129
Lanaken,0,0.16095543551654287
Lanaken,1,0.09972147197839298
Lanaken,2,0.06520819228165199
Lanaken,3,0.04085077650236327
Lanaken,4,0.06688059449417329
Lanaken,5,0.28644781144781145
Lanaken,6,0.4661195286195286
Lanaken,7,2.067382154882155
Lanaken,8,3.1820707070707073
Lanaken,9,1.8431818181818183
Lanaken,10,2.586489898989899
Lanaken,11,2.810648148148148
Lanaken,12,3.38476430976431
Lanaken,13,3.14743265993266
Lanaken,14,3.3896885521885523
Lanaken,15,4.3998737373737375
Lanaken,16,3.4598905723905724
Lanaken,17,2.4957912457912457
Lanaken,18,1.8532407407407407
Lanaken,19,1.4472222222222222
Lanaken,20,1.1177188552188553
Lanaken,21,0.8248316498316498
Lanaken,22,0.562962962962963
Lanaken,23,0.25955387205387204
Leuven,0,2.448214082584461
Leuven,1,1.4282951248648956
Leuven,2,0.789192738068052
Leuven,3,0.5093351548269581
Leuven,4,0.6312613843351548
Leuven,5,2.3518613387978142
Leuven,6,5.767645719489982
Leuven,7,16.29821265938069
Leuven,8,30.20127504553734
Leuven,9,16.349214480874316
Leuven,10,13.153414911781447
Leuven,11,14.077603870233352
Leuven,12,17.660368768495335
Leuven,13,17.878499886182563
Leuven,14,17.090065999089667
Leuven,15,21.019173873463814
Leuven,16,26.854375284478834
Leuven,17,30.804363905325445
Leuven,18,23.077947200728264
Leuven,19,15.227981338188439
Leuven,20,10.677002730996813
Leuven,21,8.924726900318616
Leuven,22,8.223970186618116
Leuven,23,5.046256258534365
Lier,0,0.2280249593054802
Lier,1,0.1432447097124254
Lier,2,0.09460010881392818
Lier,3,0.09007053716766142
Lier,4,0.3463781877373847
Lier,5,1.0118014107433533
Lier,6,1.8200623982637005
Lier,7,4.240775908844276
Lier,8,2.8877357210690544
Lier,9,1.4939620081411127
Lier,10,1.4000814553353245
Lier,11,1.5368006518196633
Lier,12,2.239883215643672
Lier,13,2.17873149531441
Lier,14,2.353940217391304
Lier,15,2.747080391091798
Lier,16,4.780673181324647
Lier,17,3.5440917107583774
Lier,18,2.0105777054515865
Lier,19,1.2194112859468258
Lier,20,0.9655639913232104
Lier,21,0.7025488069414316
Lier,22,0.8597478308026031
Lier,23,0.36795010845986986
Lokeren,0,0.32547260802469136
Lokeren,1,0.2387152777777778
Lokeren,2,0.22968266253869968
Lokeren,3,0.17843364197530864
Lokeren,4,0.13830711321301034
Lokeren,5,0.2571911196911197
Lokeren,6,0.5644305019305019
Lokeren,7,2.5910714285714285
Lokeren,8,3.859411196911197
Lokeren,9,1.739092664092664
Lokeren,10,1.8514478764478763
Lokeren,11,1.9928571428571429
Lokeren,12,2.7120173745173743
Lokeren,13,2.159700772200772
Lokeren,14,2.2774131274131273
Lokeren,15,3.395173745173745
Lokeren,16,3.323600386100386
Lokeren,17,2.85019305019305
Lokeren,18,2.0851351351351353
Lokeren,19,1.6132722007722007
Lokeren,20,1.1375
Lokeren,21,0.8456081081081082
Lokeren,22,0.6439671814671815
Lokeren,23,0.4291023166023166
Lommel,0,0.26099731363331097
Lommel,1,0.1874160510409671
Lommel,2,0.11367845117845118
Lommel,3,0.11803980851599899
Lommel,4,0.17552923387096775
Lommel,5,0.782216061827957
Lommel,6,1.4152385752688172
Lommel,7,2.1097530241935485
Lommel,8,1.7409896664706377
Lommel,9,1.3626092069892473
Lommel,10,1.5377604166666667
Lommel,11,1.818338373655914
Lommel,12,2.063466061827957
Lommel,13,2.68174563172043
Lommel,14,3.0648521505376345
Lommel,15,3.124117943548387
Lommel,16,3.3727738575268815
Lommel,17,2.279359879032258
Lommel,18,1.5872395833333333
Lommel,19,1.2015709005376345
Lommel,20,0.8942372311827957
Lommel,21,0.9021757392473119
Lommel,22,0.9401041666666666
Lommel,23,0.47341229838709675
Lummen,0,0.048597194388777555
Lummen,1,0.033316633266533065
Lummen,2,0.02717983080660022
Lummen,3,0.017087232620320855
Lummen,4,0.038477606951871655
Lummen,5,0.11990307486631016
Lummen,6,0.24034926470588236
Lummen,7,0.5073529411764706
Lummen,8,0.9724682486631016
Lummen,9,0.4372075534759358
Lummen,10,0.5503843582887701
Lummen,11,0.5334224598930482
Lummen,12,0.7053810160427807
Lummen,13,0.7298211898395722
Lummen,14,0.8838987299465241
Lummen,15,1.1558322192513368
Lummen,16,0.9454378342245989
Lummen,17,0.7031667780748663
Lummen,18,0.43123328877005346
Lummen,19,0.33138368983957217
Lummen,20,0.25927473262032086
Lummen,21,0.18511864973262032
Lummen,22,0.16673629679144386
Lummen,23,0.08192680481283422
Maaseik,0,0.1225523295070898
Maaseik,1,0.053173531397704255
Maaseik,2,0.034236140499365214
Maaseik,3,0.017440878378378377
Maaseik,4,0.03813344594594595
Maaseik,5,0.1674831081081081
Maaseik,6,0.37563344594594594
Maaseik,7,3.9422719594594593
Maaseik,8,3.2817989864864865
Maaseik,9,2.1408361486486487
Maaseik,10,3.759839527027027
Maaseik,11,4.494256756756757
Maaseik,12,5.371199324324325
Maaseik,13,5.346114864864865
Maaseik,14,5.894425675675675
Maaseik,15,8.3703125
Maaseik,16,4.509923986486487
Maaseik,17,2.603885135135135
Maaseik,18,1.5648648648648649
Maaseik,19,1.2280405405405406
Maaseik,20,0.8065456081081082
Maaseik,21,0.4466216216216216
Maaseik,22,0.23728885135135136
Maaseik,23,0.17119932432432433
Maasmechelen,0,0.14031302876480542
Maasmechelen,1,0.08083756345177665
Maasmechelen,2,0.07219205972175094
Maasmechelen,3,0.062061088078517644
Maasmechelen,4,0.060870301388418556
Maasmechelen,5,0.3073569251608534
Maasmechelen,6,0.5899932272265492
Maasmechelen,7,0.6283863867253641
Maasmechelen,8,1.3135370809346427
Maasmechelen,9,0.9029376904842533
Maasmechelen,10,1.1321625052898858
Maasmechelen,11,1.2189827352742044
Maasmechelen,12,1.4173155044008126
Maasmechelen,13,1.3761848341232228
Maasmechelen,14,1.5860697359512526
Maasmechelen,15,2.1447190250507786
Maasmechelen,16,1.651193297224103
Maasmechelen,17,1.2029874746106974
Maasmechelen,18,0.8994160460392688
Maasmechelen,19,0.7279959377115776
Maasmechelen,20,0.5813303994583615
Maasmechelen,21,0.47647257955314826
Maasmechelen,22,0.4636932972241029
Maasmechelen,23,0.27868991198375087
Machelen,0,0.24667092302079532
Machelen,1,0.1520430499817585
Machelen,2,0.14545204978038068
Machelen,3,0.1947536496350365
Machelen,4,0.3726041765995995
Machelen,5,0.6337166849215042
Machelen,6,2.112586710478277
Machelen,7,3.806453085067543
Machelen,8,3.7925337714494343
Machelen,9,2.323932092004381
Machelen,10,2.1978368017524645
Machelen,11,2.207374954362906
Machelen,12,2.527648508075554
Machelen,13,2.6196971079281086
Machelen,14,3.212559284932506
Machelen,15,3.9093396570594674
Machelen,16,4.447008391098139
Machelen,17,4.300437796424663
Machelen,18,2.8281192995257207
Machelen,19,1.9266690988690258
Machelen,20,1.4138544326887996
Machelen,21,0.9879149945275447
Machelen,22,0.7174388909157242
Machelen,23,0.36123528875102634
Malle,0,0.08175162689804773
Malle,1,0.06078271872740419
Malle,2,0.05311820159535895
Malle,3,0.05202024767242158
Malle,4,0.14707478072158423
Malle,5,0.5264562228654125
Malle,6,0.9773426193921853
Malle,7,2.3380517366136035
Malle,8,1.5955137481910275
Malle,9,0.8326700434153401
Malle,10,0.9057977568740955
Malle,11,1.0128889290882779
Malle,12,1.4483990593342981
Malle,13,1.4387662807525325
Malle,14,1.5376718523878437
Malle,15,1.980643994211288
Malle,16,2.2958122286541243
Malle,17,1.6032923299565847
Malle,18,0.929540520984081
Malle,19,0.695459479015919
Malle,20,0.5089996382054993
Malle,21,0.36749276410998555
Malle,22,0.334071997105644
Malle,23,0.13834117221418235
Mechelen,0,0.789599065084502
Mechelen,1,0.4961794318590435
Mechelen,2,0.41118124436429215
Mechelen,3,0.2462223421478683
Mechelen,4,0.3791381792011515
Mechelen,5,1.7821158690176322
Mechelen,6,3.188017272400144
Mechelen,7,6.992398344728319
Mechelen,8,9.985246491543721
Mechelen,9,5.161943319838056
Mechelen,10,4.624325296869378
Mechelen,11,4.74997750382435
Mechelen,12,6.21350791936645
Mechelen,13,6.439569834413247
Mechelen,14,6.3310835133189345
Mechelen,15,7.839272858171347
Mechelen,16,10.802150827933765
Mechelen,17,9.535637149028078
Mechelen,18,6.436060115190784
Mechelen,19,4.04225161987041
Mechelen,20,3.0414416846652266
Mechelen,21,3.026862850971922
Mechelen,22,2.6575323974082075
Mechelen,23,1.4048776097912168
Melle,0,0.10895015105740181
Melle,1,0.06962802114803625
Melle,2,0.04493796761056918
Melle,3,0.04364254675987153
Melle,4,0.09726946334089191
Melle,5,0.2084750566893424
Melle,6,0.7624244142101285
Melle,7,2.0419973544973544
Melle,8,4.58843537414966
Melle,9,2.0686885865457296
Melle,10,2.4021636432350717
Melle,11,2.7191515495086924
Melle,12,2.835065180426979
Melle,13,2.366030966767372
Melle,14,2.7368296827794563
Melle,15,3.2122356495468276
Melle,16,4.706523791540786
Melle,17,3.4762084592145017
Melle,18,2.202605740181269
Melle,19,1.4050226586102719
Melle,20,0.9386801359516617
Melle,21,0.7029361782477341
Melle,22,0.4297583081570997
Melle,23,0.1876416163141994
Meulebeke,0,0.03107614742698192
Meulebeke,1,0.02325278164116829
Meulebeke,2,0.020223152022315203
Meulebeke,3,0.02594749652294854
Meulebeke,4,0.09533953569254848
Meulebeke,5,0.2952331245650661
Meulebeke,6,0.4946938065414057
Meulebeke,7,1.0779836464857342
Meulebeke,8,0.8665274514922127
Meulebeke,9,0.47529575504523314
Meulebeke,10,0.49612908837856645
Meulebeke,11,0.5292710508002784
Meulebeke,12,0.5969902574808629
Meulebeke,13,0.6871955462769659
Meulebeke,14,0.6400922059846903
Meulebeke,15,0.831767571329158
Meulebeke,16,1.0744171885873348
Meulebeke,17,0.9618997912317327
Meulebeke,18,0.5775487125956854
Meulebeke,19,0.3455114822546973
Meulebeke,20,0.2822286012526096
Meulebeke,21,0.24247564370215727
Meulebeke,22,0.07415622825330549
Meulebeke,23,0.03788274182324287
Nevele,0,0.1431234465617233
Nevele,1,0.11060480530240265
Nevele,2,0.05953865336658354
Nevele,3,0.05923777961888981
Nevele,4,0.06721209610604806
Nevele,5,0.1943407960199005
Nevele,6,0.8518864013266998
Nevele,7,2.00342039800995
Nevele,8,2.442889718076285
Nevele,9,2.574004975124378
Nevele,10,3.0694012844416823
Nevele,11,3.1623860811930404
Nevele,12,2.5471209610604806
Nevele,13,2.7054681027340513
Nevele,14,3.403169014084507
Nevele,15,3.644780447390224
Nevele,16,4.0479494614747304
Nevele,17,3.9942004971002487
Nevele,18,2.5346934548467273
Nevele,19,1.5143951946975973
Nevele,20,0.950082850041425
Nevele,21,0.5405965202982601
Nevele,22,0.3852526926263463
Nevele,23,0.23985086992543497
Nieuwpoort,0,0.3843080435546189
Nieuwpoort,1,0.18598524762908325
Nieuwpoort,2,0.10479608913943451
Nieuwpoort,3,0.1387937093656651
Nieuwpoort,4,0.11150652431791222
Nieuwpoort,5,0.5499340949033392
Nieuwpoort,6,1.4482425307557119
Nieuwpoort,7,3.0071616871704747
Nieuwpoort,8,4.918585237258348
Nieuwpoort,9,7.83286467486819
Nieuwpoort,10,12.696111599297012
Nieuwpoort,11,14.439608963093146
Nieuwpoort,12,11.402675276752767
Nieuwpoort,13,10.602693084966171
Nieuwpoort,14,14.265792479353365
Nieuwpoort,15,15.157090142329995
Nieuwpoort,16,14.484800562291337
Nieuwpoort,17,11.400039536109647
Nieuwpoort,18,6.778905289052891
Nieuwpoort,19,3.9924661746617467
Nieuwpoort,20,2.895844315586013
Nieuwpoort,21,1.9260674749604638
Nieuwpoort,22,1.2434545774029169
Nieuwpoort,23,0.8370892637497803
Nijlen,0,0.3044652502700756
Nijlen,1,0.20624774936982354
Nijlen,2,0.16910436980859517
Nijlen,3,0.135074290859973
Nijlen,4,0.2923873873873874
Nijlen,5,0.4581981981981982
Nijlen,6,1.083963963963964
Nijlen,7,3.005945945945946
Nijlen,8,3.1272522522522523
Nijlen,9,1.6770955253443773
Nijlen,10,1.8084263593806267
Nijlen,11,1.9365322290241267
Nijlen,12,2.839710118833273
Nijlen,13,2.6103709038530787
Nijlen,14,2.9833903492978036
Nijlen,15,3.276987485369587
Nijlen,16,3.893371757925072
Nijlen,17,2.7990814121037464
Nijlen,18,1.9634365994236311
Nijlen,19,1.5965417867435159
Nijlen,20,1.2325738472622478
Nijlen,21,0.9295298991354467
Nijlen,22,0.8865273775216138
Nijlen,23,0.4608249279538905
Oostende,0,0.42191200927279143
Oostende,1,0.2940776209677419
Oostende,2,0.18942553137715773
Oostende,3,0.1584082353844972
Oostende,4,0.19476626016260162
Oostende,5,0.5417422867513612
Oostende,6,1.7062159709618874
Oostende,7,4.785238959467635
Oostende,8,7.557899778181085
Oostende,9,4.49848759830611
Oostende,10,4.641686832022585
Oostende,11,4.681059689453519
Oostende,12,5.301472070982053
Oostende,13,5.040003024803387
Oostende,14,5.479607783827385
Oostende,15,6.162129461584997
Oostende,16,7.800841903609599
Oostende,17,7.002596289574511
Oostende,18,4.902802984472676
Oostende,19,3.2062411776567856
Oostende,20,2.0707047791893527
Oostende,21,1.6136065739060295
Oostende,22,1.1715063520871143
Oostende,23,0.7386031265758951
Opwijk,0,0.09200507614213198
Opwijk,1,0.0583756345177665
Opwijk,2,0.04783163265306122
Opwijk,3,0.038705583756345176
Opwijk,4,0.1034263959390863
Opwijk,5,0.3169642857142857
Opwijk,6,0.8705357142857143
Opwijk,7,4.389030612244898
Opwijk,8,3.408801020408163
Opwijk,9,2.118805590851334
Opwijk,10,2.605964467005076
Opwijk,11,2.451776649746193
Opwijk,12,3.064720812182741
Opwijk,13,3.6434010152284264
Opwijk,14,4.25253807106599
Opwijk,15,4.574873096446701
Opwijk,16,4.977157360406092
Opwijk,17,4.030456852791878
Opwijk,18,2.0393401015228427
Opwijk,19,1.0228426395939085
Opwijk,20,0.5444162436548223
Opwijk,21,0.5107868020304569
Opwijk,22,0.35850253807106597
Opwijk,23,0.15609137055837563
Overijse,0,0.05585106382978723
Overijse,1,0.03106771493786457
Overijse,2,0.020005096839959224
Overijse,3,0.007748983739837398
Overijse,4,0.009146341463414634
Overijse,5,0.048653455284552845
Overijse,6,0.1872459349593496
Overijse,7,0.9648119918699187
Overijse,8,0.9527439024390244
Overijse,9,0.4815802845528455
Overijse,10,0.522987045974092
Overijse,11,0.6053299492385786
Overijse,12,0.7223350253807107
Overijse,13,0.626615969581749
Overijse,14,0.6147416413373861
Overijse,15,0.9005825734549139
Overijse,16,1.0311550151975684
Overijse,17,0.930597771023303
Overijse,18,0.7912867274569402
Overijse,19,0.5056990881458967
Overijse,20,0.31990881458966564
Overijse,21,0.18882978723404256
Overijse,22,0.14159067882472137
Overijse,23,0.08345997973657548
Peer,0,0.060485224983210205
Peer,1,0.04056437389770723
Peer,2,0.03217654986522911
Peer,3,0.05939180107526882
Peer,4,0.07350470430107527
Peer,5,0.24143145161290322
Peer,6,1.1559559811827957
Peer,7,1.8883148521505377
Peer,8,1.4419102822580645
Peer,9,1.2386793245400318
Peer,10,1.3511424731182795
Peer,11,1.394447244623656
Peer,12,1.6627604166666667
Peer,13,2.0588457661290325
Peer,14,2.301579301075269
Peer,15,2.990003360215054
Peer,16,3.038936491935484
Peer,17,1.9132644489247312
Peer,18,1.0748907930107527
Peer,19,0.736307123655914
Peer,20,0.5330561155913979
Peer,21,0.4014616935483871
Peer,22,0.2940608198924731
Peer,23,0.13655073924731181
Pelt,0,0.2691300675675676
Pelt,1,0.21783934453923473
Pelt,2,0.15351694915254238
Pelt,3,0.11794286680189317
Pelt,4,0.2216024340770791
Pelt,5,0.4381761325219743
Pelt,6,0.7680020283975659
Pelt,7,2.026369168356998
Pelt,8,2.281735970250169
Pelt,9,1.1205628803245435
Pelt,10,1.4675033806626099
Pelt,11,1.625549357674104
Pelt,12,2.2733265720081137
Pelt,13,2.0461460446247464
Pelt,14,2.0701487491548343
Pelt,15,2.5498647734956053
Pelt,16,2.83079783637593
Pelt,17,1.9314570655848546
Pelt,18,1.345715010141988
Pelt,19,1.1039131169709262
Pelt,20,0.9396551724137931
Pelt,21,0.7570993914807302
Pelt,22,0.764790398918188
Pelt,23,0.3864942528735632
Pepingen,0,0.04681292885518237
Pepingen,1,0.028535307928481128
Pepingen,2,0.020969202898550726
Pepingen,3,0.02583092485549133
Pepingen,4,0.04389450867052023
Pepingen,5,0.1325774686060168
Pepingen,6,0.6666064329598843
Pepingen,7,1.7673262853528509
Pepingen,8,1.401798626174982
Pepingen,9,0.8824114244396241
Pepingen,10,0.9434252146407591
Pepingen,11,1.001039031441995
Pepingen,12,1.0008128612716762
Pepingen,13,0.9355130057803468
Pepingen,14,1.0403721098265897
Pepingen,15,1.357794436416185
Pepingen,16,1.7344653179190752
Pepingen,17,1.3348391760028913
Pepingen,18,0.7284513913986267
Pepingen,19,0.45008131550415614
Pepingen,20,0.29955728225515
Pepingen,21,0.2025207806288399
Pepingen,22,0.14632273220093964
Pepingen,23,0.07724972894831948
Retie,0,0.32697978096040436
Retie,1,0.2763559768299105
Retie,2,0.24246589827640902
Retie,3,0.21648397976391232
Retie,4,0.2757693929173693
Retie,5,0.8058600337268128
Retie,6,1.8117095278246205
Retie,7,5.457419898819562
Retie,8,2.8604553119730185
Retie,9,1.8668317875210794
Retie,10,2.138227234401349
Retie,11,2.2025716694772344
Retie,12,3.1293739460370995
Retie,13,2.8952887858347385
Retie,14,2.9930965430016863
Retie,15,3.4356555649241147
Retie,16,5.447118929737702
Retie,17,3.4922072451558552
Retie,18,1.950874052232519
Retie,19,1.3930602358887954
Retie,20,1.1897114574557708
Retie,21,0.890427548441449
Retie,22,0.7596356360572872
Retie,23,0.41549073294018535
Roeselare,0,0.1865234375
Roeselare,1,0.12659801136363635
Roeselare,2,0.11467236467236468
Roeselare,3,0.07985432581275538
Roeselare,4,0.4166666666666667
Roeselare,5,0.752132196162047
Roeselare,6,2.6569829424307034
Roeselare,7,6.4533582089552235
Roeselare,8,4.44589552238806
Roeselare,9,2.8224946695095947
Roeselare,10,3.108919687277896
Roeselare,11,3.088486140724947
Roeselare,12,3.7603944562899785
Roeselare,13,3.6922052556818183
Roeselare,14,4.437943892045454
Roeselare,15,4.9817116477272725
Roeselare,16,7.3528053977272725
Roeselare,17,6.510653409090909
Roeselare,18,3.637961647727273
Roeselare,19,1.8556463068181819
Roeselare,20,1.3798828125
Roeselare,21,1.3567116477272727
Roeselare,22,0.5894886363636364
Roeselare,23,0.2853338068181818
St. Pieters Leeuw,0,0.025995575221238937
St. Pieters Leeuw,1,0.015901548672566372
St. Pieters Leeuw,2,0.009107720758206195
St. Pieters Leeuw,3,0.012034304684618222
St. Pieters Leeuw,4,0.03365916635927702
St. Pieters Leeuw,5,0.16992349525301872
St. Pieters Leeuw,6,0.24944690265486727
St. Pieters Leeuw,7,0.4593012536873156
St. Pieters Leeuw,8,0.5182077993915368
St. Pieters Leeuw,9,0.2518668756338158
St. Pieters Leeuw,10,0.2610399188715774
St. Pieters Leeuw,11,0.30941187315634217
St. Pieters Leeuw,12,0.4084078547063704
St. Pieters Leeuw,13,0.38613952631093906
St. Pieters Leeuw,14,0.40043309988942133
St. Pieters Leeuw,15,0.4138407666789532
St. Pieters Leeuw,16,0.6179506081828234
St. Pieters Leeuw,17,0.5188444526354589
St. Pieters Leeuw,18,0.32699041651308514
St. Pieters Leeuw,19,0.17089015849612973
St. Pieters Leeuw,20,0.13241798746774788
St. Pieters Leeuw,21,0.125552893475857
St. Pieters Leeuw,22,0.10174177495161736
St. Pieters Leeuw,23,0.041989306784660764
Tervuren,0,0.11324675324675325
Tervuren,1,0.21835422484899655
Tervuren,2,0.06602359382128659
Tervuren,3,0.02091995841995842
Tervuren,4,0.016956860706860706
Tervuren,5,0.08991683991683992
Tervuren,6,0.6308471933471933
Tervuren,7,2.917034823284823
Tervuren,8,4.661447505197505
Tervuren,9,3.183926715176715
Tervuren,10,3.7532484407484406
Tervuren,11,4.215696465696466
Tervuren,12,4.178446147849812
Tervuren,13,3.853961038961039
Tervuren,14,4.613116883116883
Tervuren,15,5.279610389610389
Tervuren,16,6.013051948051948
Tervuren,17,6.562077922077922
Tervuren,18,5.669025974025974
Tervuren,19,3.070844155844156
Tervuren,20,1.449025974025974
Tervuren,21,0.6783766233766234
Tervuren,22,0.6733116883116883
Tervuren,23,0.2118357801740938
Tienen,0,0.22051116253743533
Tienen,1,0.13767696705690172
Tienen,2,0.08434125454204268
Tienen,3,0.09097906403940886
Tienen,4,0.24849078994891904
Tienen,5,0.8476722025592159
Tienen,6,1.7007214810781377
Tienen,7,3.635618023414103
Tienen,8,4.367870269534441
Tienen,9,2.736659406479717
Tienen,10,3.0217465287231144
Tienen,11,3.302375442417642
Tienen,12,3.897767492512932
Tienen,13,3.8061189763136403
Tienen,14,3.8875578546147564
Tienen,15,4.822437380887558
Tienen,16,5.483239177783828
Tienen,17,4.708123468554315
Tienen,18,3.669548053362374
Tienen,19,2.644177103185407
Tienen,20,1.8343316090389328
Tienen,21,1.356588619656956
Tienen,22,0.912673563844269
Tienen,23,0.44219574468085104
Tongeren,0,0.03941055517477725
Tongeren,1,0.020819054146675807
Tongeren,2,0.046219931271477666
Tongeren,3,0.011994516792323509
Tongeren,4,0.041936583702693486
Tongeren,5,0.8185840707964602
Tongeren,6,0.7431075561606535
Tongeren,7,1.4427331518039483
Tongeren,8,0.8555139550714772
Tongeren,9,0.4709836623553438
Tongeren,10,0.5766678012253234
Tongeren,11,0.6133424098025868
Tongeren,12,0.7474472430224642
Tongeren,13,1.4108236895847515
Tongeren,14,1.5153165418652144
Tongeren,15,0.8566201497617427
Tongeren,16,1.4851089176310415
Tongeren,17,1.5687542545949626
Tongeren,18,0.5301225323349217
Tongeren,19,0.33458134785568416
Tongeren,20,0.3102450646698434
Tongeren,21,0.42758679373723624
Tongeren,22,0.896358066712049
Tongeren,23,0.06279782164737917
Torhout,0,0.10878588723625043
Torhout,1,0.06809927360774819
Torhout,2,0.05393687131460284
Torhout,3,0.05730473142461725
Torhout,4,0.08787642782969886
Torhout,5,0.2104534440983039
Torhout,6,0.6208030460366909
Torhout,7,1.7272412599515403
Torhout,8,2.478842159916926
Torhout,9,1.2306161301488405
Torhout,10,1.3814035998615437
Torhout,11,1.291233991000346
Torhout,12,1.5697966248377326
Torhout,13,1.1918916580131533
Torhout,14,1.3649186569747318
Torhout,15,1.5505797853928696
Torhout,16,2.396417445482866
Torhout,17,2.0053651782623745
Torhout,18,1.1853582554517135
Torhout,19,0.7642782969885774
Torhout,20,0.4916493596400138
Torhout,21,0.40991692627206644
Torhout,22,0.27522499134648665
Torhout,23,0.18990134994807892
Vilvoorde,0,0.31750513347022585
Vilvoorde,1,0.2621492128678987
Vilvoorde,2,0.4103708791208791
Vilvoorde,3,0.3375
Vilvoorde,4,0.4285102739726027
Vilvoorde,5,1.2625
Vilvoorde,6,2.975513698630137
Vilvoorde,7,7.622602739726028
Vilvoorde,8,7.776626712328767
Vilvoorde,9,3.311986301369863
Vilvoorde,10,2.972345890410959
Vilvoorde,11,3.432791095890411
Vilvoorde,12,3.9774828767123287
Vilvoorde,13,3.9425612052730696
Vilvoorde,14,4.5868412046543465
Vilvoorde,15,5.198066392881588
Vilvoorde,16,7.653661875427789
Vilvoorde,17,9.558778234086242
Vilvoorde,18,6.180527036276523
Vilvoorde,19,3.0207049965776864
Vilvoorde,20,1.8845824777549625
Vilvoorde,21,1.303473648186174
Vilvoorde,22,1.2206536618754278
Vilvoorde,23,0.530201916495551
Wemmel,0,0.06533520674427941
Wemmel,1,0.036646586345381524
Wemmel,2,0.03136327023761579
Wemmel,3,0.014708835341365462
Wemmel,4,0.045290218919461736
Wemmel,5,0.11309762957010848
Wemmel,6,0.4812675773402973
Wemmel,7,1.482523101647248
Wemmel,8,1.2063755020080322
Wemmel,9,0.44683734939759034
Wemmel,10,0.4022088353413655
Wemmel,11,0.4774598393574297
Wemmel,12,0.634487951807229
Wemmel,13,0.5630020080321285
Wemmel,14,0.5737227742647797
Wemmel,15,0.85171617824167
Wemmel,16,1.429044560417503
Wemmel,17,1.3817743877960658
Wemmel,18,0.8197009233239663
Wemmel,19,0.4061120032115616
Wemmel,20,0.32637494981934967
Wemmel,21,0.19771176234444
Wemmel,22,0.1547069450020072
Wemmel,23,0.09945804897631473
Wervik,0,0.2542416897506925
Wervik,1,0.1945117728531856
Wervik,2,0.16827298775722843
Wervik,3,0.20577789327789328
Wervik,4,0.37577962577962576
Wervik,5,0.5146396396396397
Wervik,6,1.937110187110187
Wervik,7,9.361443173943174
Wervik,8,3.4443433818433817
Wervik,9,2.598449410949411
Wervik,10,3.000952875952876
Wervik,11,3.158177408177408
Wervik,12,4.449974012474012
Wervik,13,3.220677408177408
Wervik,14,3.5944213444213444
Wervik,15,4.081774081774082
Wervik,16,6.8373613998614
Wervik,17,6.018537768537769
Wervik,18,3.4775641025641026
Wervik,19,2.0135135135135136
Wervik,20,1.4598492723492724
Wervik,21,1.0204435204435205
Wervik,22,0.6037768537768538
Wervik,23,0.37694906444906445
Westerlo,0,0.24231351929418055
Westerlo,1,0.17711305278174036
Westerlo,2,0.16720314735336195
Westerlo,3,0.11603958630527818
Westerlo,4,0.2014978601997147
Westerlo,5,1.0499732524964336
Westerlo,6,1.3036733238231097
Westerlo,7,2.753521754636234
Westerlo,8,7.184156562054208
Westerlo,9,4.186474679029957
Westerlo,10,4.72035485021398
Westerlo,11,4.595720017833259
Westerlo,12,5.391494293865906
Westerlo,13,5.539185092724679
Westerlo,14,6.559111982881598
Westerlo,15,7.268143723252496
Westerlo,16,6.246210770328103
Westerlo,17,3.646085948644793
Westerlo,18,2.4825695435092725
Westerlo,19,1.6720756062767475
Westerlo,20,1.351283880171184
Westerlo,21,1.0009807417974323
Westerlo,22,1.0727086305278175
Westerlo,23,0.36626248216833096
Zaventem,0,0.22053988228130708
Zaventem,1,0.12863254762673554
Zaventem,2,0.07189119170984457
Zaventem,3,0.07376453488372094
Zaventem,4,0.22117248062015504
Zaventem,5,0.5067829457364341
Zaventem,6,1.666424418604651
Zaventem,7,5.309189276485788
Zaventem,8,7.732114018087855
Zaventem,9,3.484375
Zaventem,10,2.764273600904466
Zaventem,11,3.102390180878553
Zaventem,12,3.471051356589147
Zaventem,13,3.4185304804198626
Zaventem,14,3.745842751049403
Zaventem,15,4.526024854744997
Zaventem,16,6.431972240154939
Zaventem,17,7.56015978050355
Zaventem,18,5.329728857327308
Zaventem,19,2.7695287282117493
Zaventem,20,1.5958683021304068
Zaventem,21,0.9791801162040026
Zaventem,22,0.6318189154293092
Zaventem,23,0.3726344671750797
Zele,0,0.24777377794619174
Zele,1,0.1747347480106101
Zele,2,0.14889775750665146
Zele,3,0.1759215388988913
Zele,4,0.29029199848312476
Zele,5,0.6887087599544938
Zele,6,1.1022942737959802
Zele,7,2.2266780432309443
Zele,8,1.6692737959802806
Zele,9,1.3198748933750355
Zele,10,1.4219105382865806
Zele,11,1.6276051534672225
Zele,12,1.8638215233042819
Zele,13,1.7005494505494505
Zele,14,1.7519420234937477
Zele,15,2.182597574838954
Zele,16,2.977974611595301
Zele,17,2.5479348237968926
Zele,18,1.7774725274725274
Zele,19,1.2201117847669571
Zele,20,0.8645320197044335
Zele,21,0.7890773020083365
Zele,22,0.5284672224327397
Zele,23,0.31432360742705573
Zemst,0,1.283425925925926
Zemst,1,0.9156481481481481
Zemst,2,0.7391344725111442
Zemst,3,0.5862037037037037
Zemst,4,0.4938888888888889
Zemst,5,1.5517592592592593
Zemst,6,5.081666666666667
Zemst,7,19.87361111111111
Zemst,8,21.52453703703704
Zemst,9,8.727222222222222
Zemst,10,9.412314814814815
Zemst,11,9.897314814814814
Zemst,12,11.920925925925927
Zemst,13,11.429920385113867
Zemst,14,12.716228719467061
Zemst,15,14.97659141376758
Zemst,16,21.257031828275352
Zemst,17,17.479459659511473
Zemst,18,11.739082161361955
Zemst,19,8.07920059215396
Zemst,20,5.321983715766099
Zemst,21,4.198464100666174
Zemst,22,3.3854552183567725
Zemst,23,1.8898038490007403
