datetime,daily_count
2019-08-01,9853.0
2019-08-02,7697.0
2019-08-03,6946.0
2019-08-04,9987.0
2019-08-05,9734.0
2019-08-06,10327.0
2019-08-07,9639.0
2019-08-08,10605.0
2019-08-09,5870.0
2019-08-10,4424.0
2019-08-11,6452.0
2019-08-12,6775.0
2019-08-13,7531.0
2019-08-14,7057.0
2019-08-15,4270.0
2019-08-16,7382.0
2019-08-17,4020.0
2019-08-18,4094.0
2019-08-19,8860.0
2019-08-20,10485.0
2019-08-21,11090.0
2019-08-22,11942.0
2019-08-23,11420.0
2019-08-24,9440.0
2019-08-25,9595.0
2019-08-26,11320.0
2019-08-27,11637.0
2019-08-28,10512.0
2019-08-29,12362.0
2019-08-30,13159.0
2019-08-31,10409.0
2019-09-01,9438.0
2019-09-02,15841.0
2019-09-03,15156.0
2019-09-04,11732.0
2019-09-05,11936.0
2019-09-06,13385.0
2019-09-07,5845.0
2019-09-08,6650.0
2019-09-09,13717.0
2019-09-10,15427.0
2019-09-11,10314.0
2019-09-12,14079.0
2019-09-13,12983.0
2019-09-14,10029.0
2019-09-15,10690.0
2019-09-16,12545.0
2019-09-17,15314.0
2019-09-18,14645.0
2019-09-19,14810.0
2019-09-20,14810.0
2019-09-21,10121.0
2019-09-22,10731.0
2019-09-23,13392.0
2019-09-24,10201.0
2019-09-25,9771.0
2019-09-26,9199.0
2019-09-27,11093.0
2019-09-28,4969.0
2019-09-29,2317.0
2019-09-30,12253.0
2019-10-01,7619.0
2019-10-02,11635.0
2019-10-03,12354.0
2019-10-04,8548.0
2019-10-05,7048.0
2019-10-06,2316.0
2019-10-07,12014.0
2019-10-08,10089.0
2019-10-09,9341.0
2019-10-10,12578.0
2019-10-11,10403.0
2019-10-12,6757.0
2019-10-13,5233.0
2019-10-14,12413.0
2019-10-15,11059.0
2019-10-16,8970.0
2019-10-17,11730.0
2019-10-18,9549.0
2019-10-19,5803.0
2019-10-20,3452.0
2019-10-21,9960.0
2019-10-22,13087.0
2019-10-23,12893.0
2019-10-24,13530.0
2019-10-25,11892.0
2019-10-26,7350.0
2019-10-27,4566.0
2019-10-28,8748.0
2019-10-29,8992.0
2019-10-30,8407.0
2019-10-31,8139.0
2019-11-01,2459.0
2019-11-02,4094.0
2019-11-03,2866.0
2019-11-04,10039.0
2019-11-05,11826.0
2019-11-06,10340.0
2019-11-07,9041.0
2019-11-08,11144.0
2019-11-09,5710.0
2019-11-10,5066.0
2019-11-11,2159.0
2019-11-12,9580.0
2019-11-13,10292.0
2019-11-14,9063.0
2019-11-15,8992.0
2019-11-16,5679.0
2019-11-17,4525.0
2019-11-18,8316.0
2019-11-19,11112.0
2019-11-20,10733.0
2019-11-21,10200.0
2019-11-22,10620.0
2019-11-23,5100.0
2019-11-24,4587.0
2019-11-25,11214.0
2019-11-26,10218.0
2019-11-27,8444.0
2019-11-28,7883.0
2019-11-29,10563.0
2019-11-30,6365.0
2019-12-01,3601.0
2019-12-02,9999.0
2019-12-03,10370.0
2019-12-04,9828.0
2019-12-05,8672.0
2019-12-06,6305.0
2019-12-07,4962.0
2019-12-08,2509.0
2019-12-09,6698.0
2019-12-10,9338.0
2019-12-11,8545.0
2019-12-12,9207.0
2019-12-13,6150.0
2019-12-14,3358.0
2019-12-15,3377.0
2019-12-16,8926.0
2019-12-17,10423.0
2019-12-18,9813.0
2019-12-19,9158.0
2019-12-20,7248.0
2019-12-21,5311.0
2019-12-22,2642.0
2019-12-23,6666.0
2019-12-24,4344.0
2019-12-25,2116.0
2019-12-26,4114.0
2019-12-27,4892.0
2019-12-28,5145.0
2019-12-29,3899.0
2019-12-30,6309.0
2019-12-31,4754.0
2020-01-01,2441.0
2020-01-02,5439.0
2020-01-03,4793.0
2020-01-04,4989.0
2020-01-05,3890.0
2020-01-06,10949.0
2020-01-07,10833.0
2020-01-08,8926.0
2020-01-09,8192.0
2020-01-10,8853.0
2020-01-11,5745.0
2020-01-12,3253.0
2020-01-13,9894.0
2020-01-14,7747.0
2020-01-15,8111.0
2020-01-16,10661.0
2020-01-17,8528.0
2020-01-18,5745.0
2020-01-19,4192.0
2020-01-20,9460.0
2020-01-21,9221.0
2020-01-22,8939.0
2020-01-23,9878.0
2020-01-24,8869.0
2020-01-25,4765.0
2020-01-26,4375.0
2020-01-27,8577.0
2020-01-28,7878.0
2020-01-29,9812.0
2020-01-30,9112.0
2020-01-31,8851.0
2020-02-01,4394.0
2020-02-02,2489.0
2020-02-03,8780.0
2020-02-04,7431.0
2020-02-05,9978.0
2020-02-06,11124.0
2020-02-07,10586.0
2020-02-08,4625.0
2020-02-09,1149.0
2020-02-10,4423.0
2020-02-11,7597.0
2020-02-12,9080.0
2020-02-13,5955.0
2020-02-14,9640.0
2020-02-15,5418.0
2020-02-16,1423.0
2020-02-17,8491.0
2020-02-18,9946.0
2020-02-19,10012.0
2020-02-20,8691.0
2020-02-21,9576.0
2020-02-22,3829.0
2020-02-23,1567.0
2020-02-24,4718.0
2020-02-25,6026.0
2020-02-26,4478.0
2020-02-27,3950.0
2020-02-28,5205.0
2020-02-29,3307.0
2020-03-01,3073.0
2020-03-02,7607.0
2020-03-03,9878.0
2020-03-04,10196.0
2020-03-05,6756.0
2020-03-06,7627.0
2020-03-07,7649.0
2020-03-08,2903.0
2020-03-09,10251.0
2020-03-10,6796.0
2020-03-11,7097.0
2020-03-12,9492.0
2020-03-13,8801.0
2020-03-14,5343.0
2020-03-15,5732.0
2020-03-16,8225.0
2020-03-17,8681.0
2020-03-18,8391.0
2020-03-19,6830.0
2020-03-20,3956.0
2020-03-21,6283.0
2020-03-22,7508.0
2020-03-23,6986.0
2020-03-24,8336.0
2020-03-25,8838.0
2020-03-26,7371.0
2020-03-27,8068.0
2020-03-28,9140.0
2020-03-29,3119.0
2020-03-30,5795.0
2020-03-31,7449.0
2020-04-01,9050.0
2020-04-02,6581.0
2020-04-03,6892.0
2020-04-04,11410.0
2020-04-05,16528.0
2020-04-06,8228.0
2020-04-07,13005.0
2020-04-08,14803.0
2020-04-09,13510.0
2020-04-10,14030.0
2020-04-11,17740.0
2020-04-12,15769.0
2020-04-13,5465.0
2020-04-14,7194.0
2020-04-15,12086.0
2020-04-16,14678.0
2020-04-17,13547.0
2020-04-18,5271.0
2020-04-19,14262.0
2020-04-20,9448.0
2020-04-21,10535.0
2020-04-22,13295.0
2020-04-23,15764.0
2020-04-24,12994.0
2020-04-25,12981.0
2020-04-26,19580.0
2020-04-27,13284.0
2020-04-28,4481.0
2020-04-29,6712.0
2020-04-30,6345.0
2020-05-01,5209.0
2020-05-02,7438.0
2020-05-03,15957.0
2020-05-04,8512.0
2020-05-05,10908.0
2020-05-06,14376.0
2020-05-07,15055.0
2020-05-08,14724.0
2020-05-09,19495.0
2020-05-10,5646.0
2020-05-11,6151.0
2020-05-12,9757.0
2020-05-13,9710.0
2020-05-14,10456.0
2020-05-15,12266.0
2020-05-16,12404.0
2020-05-17,17128.0
2020-05-18,13565.0
2020-05-19,15891.0
2020-05-20,16640.0
2020-05-21,18147.0
2020-05-22,9929.0
2020-05-23,9755.0
2020-05-24,9837.0
2020-05-25,13983.0
2020-05-26,16379.0
2020-05-27,16398.0
2020-05-28,15131.0
2020-05-29,15709.0
2020-05-30,15456.0
2020-05-31,17094.0
2020-06-01,16070.0
2020-06-02,16922.0
2020-06-03,16822.0
2020-06-04,9108.0
2020-06-05,6526.0
2020-06-06,6757.0
2020-06-07,10365.0
2020-06-08,8351.0
2020-06-09,12387.0
2020-06-10,13282.0
2020-06-11,12979.0
2020-06-12,13698.0
2020-06-13,14987.0
2020-06-14,13071.0
2020-06-15,14925.0
2020-06-16,13500.0
2020-06-17,9575.0
2020-06-18,11665.0
2020-06-19,14088.0
2020-06-20,13789.0
2020-06-21,11817.0
2020-06-22,16813.0
2020-06-23,18796.0
2020-06-24,17850.0
2020-06-25,18017.0
2020-06-26,13737.0
2020-06-27,8928.0
2020-06-28,10257.0
2020-06-29,12832.0
2020-06-30,10301.0
2020-07-01,7517.0
2020-07-02,11754.0
2020-07-03,11669.0
2020-07-04,6550.0
2020-07-05,5987.0
2020-07-06,10475.0
2020-07-07,13583.0
2020-07-08,5181.0
2020-07-09,9422.0
2020-07-10,9319.0
2020-07-11,11186.0
2020-07-12,12883.0
2020-07-13,15303.0
2020-07-14,7534.0
2020-07-15,11140.0
2020-07-16,7987.0
2020-07-17,11764.0
2020-07-18,12460.0
2020-07-19,11105.0
2020-07-20,11693.0
2020-07-21,11612.0
2020-07-22,12900.0
2020-07-23,13994.0
2020-07-24,9210.0
2020-07-25,6974.0
2020-07-26,8736.0
2020-07-27,9952.0
2020-07-28,10637.0
2020-07-29,13478.0
2020-07-30,13874.0
2020-07-31,11200.0
2020-08-01,10994.0
2020-08-02,10644.0
2020-08-03,10163.0
2020-08-04,14413.0
2020-08-05,14060.0
2020-08-06,13093.0
2020-08-07,11573.0
2020-08-08,9231.0
2020-08-09,9047.0
2020-08-10,11429.0
2020-08-11,11478.0
2020-08-12,11795.0
2020-08-13,10489.0
2020-08-14,10091.0
2020-08-15,9740.0
2020-08-16,9426.0
2020-08-17,11158.0
2020-08-18,12487.0
2020-08-19,12769.0
2020-08-20,12731.0
2020-08-21,11412.0
2020-08-22,8848.0
2020-08-23,7386.0
2020-08-24,10590.0
2020-08-25,8522.0
2020-08-26,7483.0
2020-08-27,12418.0
2020-08-28,8767.0
2020-08-29,7343.0
2020-08-30,5797.0
2020-08-31,11782.0
2020-09-01,17459.0
2020-09-02,18154.0
2020-09-03,14016.0
2020-09-04,14246.0
2020-09-05,9590.0
2020-09-06,11144.0
2020-09-07,17204.0
2020-09-08,15640.0
2020-09-09,16413.0
2020-09-10,17700.0
2020-09-11,17333.0
2020-09-12,11288.0
2020-09-13,12903.0
2020-09-14,18175.0
2020-09-15,18400.0
2020-09-16,17774.0
2020-09-17,16816.0
2020-09-18,16638.0
2020-09-19,12198.0
2020-09-20,14708.0
2020-09-21,18181.0
2020-09-22,18348.0
2020-09-23,14307.0
2020-09-24,12349.0
2020-09-25,9308.0
2020-09-26,3402.0
2020-09-27,3763.0
2020-09-28,8014.0
2020-09-29,13517.0
2020-09-30,13782.0
2020-10-01,9112.0
2020-10-02,9353.0
2020-10-03,4798.0
2020-10-04,4090.0
2020-10-05,9593.0
2020-10-06,10651.0
2020-10-07,11738.0
2020-10-08,9986.0
2020-10-09,13362.0
2020-10-10,6700.0
2020-10-11,4770.0
2020-10-12,11833.0
2020-10-13,10891.0
2020-10-14,12968.0
2020-10-15,12809.0
2020-10-16,12371.0
2020-10-17,7961.0
2020-10-18,6003.0
2020-10-19,13152.0
2020-10-20,10577.0
2020-10-21,8072.0
2020-10-22,11910.0
2020-10-23,12477.0
2020-10-24,6768.0
2020-10-25,3837.0
2020-10-26,11379.0
2020-10-27,10200.0
2020-10-28,8820.0
2020-10-29,8737.0
2020-10-30,9754.0
2020-10-31,9594.0
2020-11-01,3999.0
2020-11-02,4822.0
2020-11-03,6857.0
2020-11-04,8774.0
2020-11-05,8371.0
2020-11-06,8525.0
2020-11-07,10835.0
2020-11-08,8408.0
2020-11-09,9303.0
2020-11-10,7450.0
2020-11-11,7576.0
2020-11-12,7685.0
2020-11-13,6277.0
2020-11-14,8438.0
2020-11-15,2879.0
2020-11-16,8586.0
2020-11-17,9790.0
2020-11-18,13050.0
2020-11-19,7827.0
2020-11-20,10235.0
2020-11-21,6147.0
2020-11-22,3876.0
2020-11-23,10686.0
2020-11-24,11103.0
2020-11-25,10437.0
2020-11-26,10032.0
2020-11-27,9209.0
2020-11-28,8100.0
2020-11-29,4170.0
2020-11-30,7607.0
2020-12-01,6961.0
2020-12-02,9407.0
2020-12-03,7814.0
2020-12-04,7816.0
2020-12-05,5599.0
2020-12-06,3676.0
2020-12-07,7898.0
2020-12-08,9651.0
2020-12-09,8338.0
2020-12-10,9845.0
2020-12-11,6703.0
2020-12-12,3933.0
2020-12-13,4407.0
2020-12-14,8486.0
2020-12-15,8197.0
2020-12-16,9004.0
2020-12-17,8539.0
2020-12-18,9739.0
2020-12-19,5041.0
2020-12-20,6436.0
2020-12-21,3738.0
2020-12-22,5730.0
2020-12-23,4310.0
2020-12-24,3369.0
2020-12-25,3036.0
2020-12-26,4424.0
2020-12-27,872.0
2020-12-28,5571.0
2020-12-29,5416.0
2020-12-30,5753.0
2020-12-31,3902.0
2021-01-01,2754.0
2021-01-02,4457.0
2021-01-03,3556.0
2021-01-04,7244.0
2021-01-05,8506.0
2021-01-06,8348.0
2021-01-07,6518.0
2021-01-08,7016.0
2021-01-09,4607.0
2021-01-10,3808.0
2021-01-11,8331.0
2021-01-12,6114.0
2021-01-13,8542.0
2021-01-14,5645.0
2021-01-15,7646.0
2021-01-16,2852.0
2021-01-17,3067.0
2021-01-18,9055.0
2021-01-19,5115.0
2021-01-20,8269.0
2021-01-21,7112.0
2021-01-22,9175.0
2021-01-23,4928.0
2021-01-24,3295.0
2021-01-25,7749.0
2021-01-26,9121.0
2021-01-27,6995.0
2021-01-28,4652.0
2021-01-29,6796.0
2021-01-30,1929.0
2021-01-31,3647.0
2021-02-01,7941.0
2021-02-02,6319.0
2021-02-03,5530.0
2021-02-04,10071.0
2021-02-05,9766.0
2021-02-06,4335.0
2021-02-07,2468.0
2021-02-08,2957.0
2021-02-09,3323.0
2021-02-10,3935.0
2021-02-11,4278.0
2021-02-12,4338.0
2021-02-13,3273.0
2021-02-14,3087.0
2021-02-15,4177.0
2021-02-16,6971.0
2021-02-17,7818.0
2021-02-18,5469.0
2021-02-19,7963.0
2021-02-20,10283.0
2021-02-21,12844.0
2021-02-22,12152.0
2021-02-23,13260.0
2021-02-24,15481.0
2021-02-25,12177.0
2021-02-26,11554.0
2021-02-27,7359.0
2021-02-28,9057.0
2021-03-01,11124.0
2021-03-02,13879.0
2021-03-03,13580.0
2021-03-04,6670.0
2021-03-05,10493.0
2021-03-06,7559.0
2021-03-07,6308.0
2021-03-08,11050.0
2021-03-09,8637.0
2021-03-10,8607.0
2021-03-11,5047.0
2021-03-12,6923.0
2021-03-13,2880.0
2021-03-14,4225.0
2021-03-15,8556.0
2021-03-16,6746.0
2021-03-17,7477.0
2021-03-18,7952.0
2021-03-19,10531.0
2021-03-20,8301.0
2021-03-21,5971.0
2021-03-22,10210.0
2021-03-23,12019.0
2021-03-24,13492.0
2021-03-25,10706.0
2021-03-26,10987.0
2021-03-27,5743.0
2021-03-28,7716.0
2021-03-29,13000.0
2021-03-30,15947.0
2021-03-31,15095.0
2021-04-01,11896.0
2021-04-02,8430.0
2021-04-03,7100.0
2021-04-04,6043.0
2021-04-05,2291.0
2021-04-06,3733.0
2021-04-07,4481.0
2021-04-08,7785.0
2021-04-09,9359.0
2021-04-10,2219.0
2021-04-11,4462.0
2021-04-12,6320.0
2021-04-13,9178.0
2021-04-14,8444.0
2021-04-15,8039.0
2021-04-16,8962.0
2021-04-17,9117.0
2021-04-18,10661.0
2021-04-19,10992.0
2021-04-20,13693.0
2021-04-21,13204.0
2021-04-22,12699.0
2021-04-23,13226.0
2021-04-24,10030.0
2021-04-25,8994.0
2021-04-26,13085.0
2021-04-27,15011.0
2021-04-28,14342.0
2021-04-29,8060.0
2021-04-30,10876.0
2021-05-01,8203.0
2021-05-02,7240.0
2021-05-03,10850.0
2021-05-04,5639.0
2021-05-05,8300.0
2021-05-06,9711.0
2021-05-07,11336.0
2021-05-08,6118.0
2021-05-09,8288.0
2021-05-10,9971.0
2021-05-11,11742.0
2021-05-12,13241.0
2021-05-13,7206.0
2021-05-14,7918.0
2021-05-15,4729.0
2021-05-16,5465.0
2021-05-17,8410.0
2021-05-18,12152.0
2021-05-19,10042.0
2021-05-20,14016.0
2021-05-21,9355.0
2021-05-22,2742.0
2021-05-23,8117.0
2021-05-24,2868.0
2021-05-25,7349.0
2021-05-26,10699.0
2021-05-27,12349.0
2021-05-28,14748.0
2021-05-29,12331.0
2021-05-30,13992.0
2021-05-31,16474.0
2021-06-01,18891.0
2021-06-02,18026.0
2021-06-03,14069.0
2021-06-04,12057.0
2021-06-05,6539.0
2021-06-06,13142.0
2021-06-07,16777.0
2021-06-08,17775.0
2021-06-09,17660.0
2021-06-10,17792.0
2021-06-11,17121.0
2021-06-12,10527.0
2021-06-13,12429.0
2021-06-14,17308.0
2021-06-15,17821.0
2021-06-16,17348.0
2021-06-17,13585.0
2021-06-18,13471.0
2021-06-19,9348.0
2021-06-20,10111.0
2021-06-21,7543.0
2021-06-22,8827.0
2021-06-23,13700.0
2021-06-24,14189.0
2021-06-25,11518.0
2021-06-26,8566.0
2021-06-27,8751.0
2021-06-28,10634.0
2021-06-29,12136.0
2021-06-30,8016.0
2021-07-01,11232.0
2021-07-02,12880.0
2021-07-03,7999.0
2021-07-04,5368.0
2021-07-05,8538.0
2021-07-06,8309.0
2021-07-07,11722.0
2021-07-08,11666.0
2021-07-09,11874.0
2021-07-10,6531.0
2021-07-11,10320.0
2021-07-12,9530.0
2021-07-13,7216.0
2021-07-14,6355.0
2021-07-15,6035.0
2021-07-16,10282.0
2021-07-17,11238.0
2021-07-18,12733.0
2021-07-19,12741.0
2021-07-20,14503.0
2021-07-21,12403.0
2021-07-22,13786.0
2021-07-23,13259.0
2021-07-24,6114.0
2021-07-25,6777.0
2021-07-26,7171.0
2021-07-27,8234.0
2021-07-28,9205.0
2021-07-29,10636.0
2021-07-30,8620.0
2021-07-31,7440.0
2021-08-01,5582.0
2021-08-02,9379.0
2021-08-03,10521.0
2021-08-04,10851.0
2021-08-05,11778.0
2021-08-06,7749.0
2021-08-07,6918.0
2021-08-08,5674.0
2021-08-09,7870.0
2021-08-10,9023.0
2021-08-11,14604.0
2021-08-12,14840.0
2021-08-13,13545.0
2021-08-14,12508.0
2021-08-15,13009.0
2021-08-16,7141.0
2021-08-17,7491.0
2021-08-18,9608.0
2021-08-19,11220.0
2021-08-20,10790.0
2021-08-21,12096.0
2021-08-22,4713.0
2021-08-23,10154.0
2021-08-24,14516.0
2021-08-25,15568.0
2021-08-26,11294.0
2021-08-27,11908.0
2021-08-28,8509.0
2021-08-29,7225.0
2021-08-30,10438.0
2021-08-31,13811.0
2021-09-01,17216.0
2021-09-02,18813.0
2021-09-03,20042.0
2021-09-04,12103.0
2021-09-05,14636.0
2021-09-06,19397.0
2021-09-07,21045.0
2021-09-08,20779.0
2021-09-09,15986.0
2021-09-10,13922.0
2021-09-11,7918.0
2021-09-12,10758.0
2021-09-13,17400.0
2021-09-14,14671.0
2021-09-15,13853.0
2021-09-16,17350.0
2021-09-17,18389.0
2021-09-18,12837.0
2021-09-19,15065.0
2021-09-20,16603.0
2021-09-21,18796.0
2021-09-22,18426.0
2021-09-23,17045.0
2021-09-24,16625.0
2021-09-25,12906.0
2021-09-26,10641.0
2021-09-27,12866.0
2021-09-28,17492.0
2021-09-29,10134.0
2021-09-30,15291.0
2021-10-01,11661.0
2021-10-02,6609.0
2021-10-03,2362.0
2021-10-04,14744.0
2021-10-05,12572.0
2021-10-06,7868.0
2021-10-07,15838.0
2021-10-08,16182.0
2021-10-09,10803.0
2021-10-10,9237.0
2021-10-11,14542.0
2021-10-12,12139.0
2021-10-13,14299.0
2021-10-14,14883.0
2021-10-15,13390.0
2021-10-16,9503.0
2021-10-17,8213.0
2021-10-18,15474.0
2021-10-19,13289.0
2021-10-20,10720.0
2021-10-21,7660.0
2021-10-22,12209.0
2021-10-23,8576.0
2021-10-24,8900.0
2021-10-25,11920.0
2021-10-26,13934.0
2021-10-27,14702.0
2021-10-28,15733.0
2021-10-29,13019.0
2021-10-30,3796.0
2021-10-31,4600.0
2021-11-01,4137.0
2021-11-02,6344.0
2021-11-03,8252.0
2021-11-04,6744.0
2021-11-05,8132.0
2021-11-06,6356.0
2021-11-07,5368.0
2021-11-08,13770.0
2021-11-09,14128.0
2021-11-10,13499.0
2021-11-11,5530.0
2021-11-12,9751.0
2021-11-13,4216.0
2021-11-14,5228.0
2021-11-15,12019.0
2021-11-16,12336.0
2021-11-17,11882.0
2021-11-18,13563.0
2021-11-19,12154.0
2021-11-20,6788.0
2021-11-21,3863.0
2021-11-22,12516.0
2021-11-23,11758.0
2021-11-24,10890.0
2021-11-25,10503.0
2021-11-26,8322.0
2021-11-27,4777.0
2021-11-28,2561.0
2021-11-29,9281.0
2021-11-30,7021.0
2021-12-01,6860.0
2021-12-02,6522.0
2021-12-03,7188.0
2021-12-04,3448.0
2021-12-05,3190.0
2021-12-06,8045.0
2021-12-07,8936.0
2021-12-08,8589.0
2021-12-09,8313.0
2021-12-10,5131.0
2021-12-11,5841.0
2021-12-12,2691.0
2021-12-13,10248.0
2021-12-14,10676.0
2021-12-15,10105.0
2021-12-16,11724.0
2021-12-17,10570.0
2021-12-18,5864.0
2021-12-19,3846.0
2021-12-20,10213.0
2021-12-21,8720.0
2021-12-22,7074.0
2021-12-23,7248.0
2021-12-24,5291.0
2021-12-25,1737.0
2021-12-26,2991.0
2021-12-27,4949.0
2021-12-28,3616.0
2021-12-29,4400.0
2021-12-30,5682.0
2021-12-31,6033.0
2022-01-01,4517.0
2022-01-02,4068.0
2022-01-03,4880.0
2022-01-04,4818.0
2022-01-05,6410.0
2022-01-06,7630.0
2022-01-07,5283.0
2022-01-08,2756.0
2022-01-09,4112.0
2022-01-10,9588.0
2022-01-11,10150.0
2022-01-12,9341.0
2022-01-13,9383.0
2022-01-14,9559.0
2022-01-15,5912.0
2022-01-16,3277.0
2022-01-17,11007.0
2022-01-18,10980.0
2022-01-19,9099.0
2022-01-20,8417.0
2022-01-21,8920.0
2022-01-22,5735.0
2022-01-23,4927.0
2022-01-24,10537.0
2022-01-25,8929.0
2022-01-26,8885.0
2022-01-27,8020.0
2022-01-28,9790.0
2022-01-29,5272.0
2022-01-30,7157.0
2022-01-31,6272.0
2022-02-01,8224.0
2022-02-02,9310.0
2022-02-03,9765.0
2022-02-04,8291.0
2022-02-05,7697.0
2022-02-06,1471.0
2022-02-07,11524.0
2022-02-08,10877.0
2022-02-09,11957.0
2022-02-10,8906.0
2022-02-11,11534.0
2022-02-12,7457.0
2022-02-13,5641.0
2022-02-14,9445.0
2022-02-15,10284.0
2022-02-16,7929.0
2022-02-17,9328.0
2022-02-18,4403.0
2022-02-19,4906.0
2022-02-20,1742.0
2022-02-21,5930.0
2022-02-22,8958.0
2022-02-23,13034.0
2022-02-24,9584.0
2022-02-25,9297.0
2022-02-26,8037.0
2022-02-27,7580.0
2022-02-28,9958.0
2022-03-01,8212.0
2022-03-02,9570.0
2022-03-03,10601.0
2022-03-04,10062.0
2022-03-05,8851.0
2022-03-06,7057.0
2022-03-07,12668.0
2022-03-08,13883.0
2022-03-09,15106.0
2022-03-10,15702.0
2022-03-11,14041.0
2022-03-12,8652.0
2022-03-13,8384.0
2022-03-14,14259.0
2022-03-15,13234.0
2022-03-16,15522.0
2022-03-17,13874.0
2022-03-18,14776.0
2022-03-19,9026.0
2022-03-20,6019.0
2022-03-21,15951.0
2022-03-22,17265.0
2022-03-23,17936.0
2022-03-24,18216.0
2022-03-25,17189.0
2022-03-26,11703.0
2022-03-27,13434.0
2022-03-28,17611.0
2022-03-29,14542.0
2022-03-30,13353.0
2022-03-31,9198.0
2022-04-01,6461.0
2022-04-02,5500.0
2022-04-03,5250.0
2022-04-04,5447.0
2022-04-05,6123.0
2022-04-06,6442.0
2022-04-07,5193.0
2022-04-08,7007.0
2022-04-09,6313.0
2022-04-10,7999.0
2022-04-11,11695.0
2022-04-12,15150.0
2022-04-13,11482.0
2022-04-14,15500.0
2022-04-15,13870.0
2022-04-16,13472.0
2022-04-17,12697.0
2022-04-18,14814.0
2022-04-19,21590.0
2022-04-20,22538.0
2022-04-21,22781.0
2022-04-22,19860.0
2022-04-23,14045.0
2022-04-24,14064.0
2022-04-25,16149.0
2022-04-26,19627.0
2022-04-27,23624.0
2022-04-28,25734.0
2022-04-29,20354.0
2022-04-30,12815.0
2022-05-01,14029.0
2022-05-02,23023.0
2022-05-03,25084.0
2022-05-04,25963.0
2022-05-05,22908.0
2022-05-06,23776.0
2022-05-07,14861.0
2022-05-08,16487.0
2022-05-09,27906.0
2022-05-10,26638.0
2022-05-11,27938.0
2022-05-12,26484.0
2022-05-13,24436.0
2022-05-14,19785.0
2022-05-15,22575.0
2022-05-16,23877.0
2022-05-17,29188.0
2022-05-18,31479.0
2022-05-19,19293.0
2022-05-20,15155.0
2022-05-21,16531.0
2022-05-22,23440.0
2022-05-23,16004.0
2022-05-24,17453.0
2022-05-25,21829.0
2022-05-26,15173.0
2022-05-27,14445.0
2022-05-28,15996.0
2022-05-29,8138.0
2022-05-30,22742.0
2022-05-31,27521.0
2022-06-01,31281.0
2022-06-02,35323.0
2022-06-03,35962.0
2022-06-04,27758.0
2022-06-05,7374.0
2022-06-06,16804.0
2022-06-07,27707.0
2022-06-08,18859.0
2022-06-09,30276.0
2022-06-10,31971.0
2022-06-11,26070.0
2022-06-12,29126.0
2022-06-13,35642.0
2022-06-14,41031.0
2022-06-15,42047.0
2022-06-16,41549.0
2022-06-17,39730.0
2022-06-18,25512.0
2022-06-19,14463.0
2022-06-20,33418.0
2022-06-21,41105.0
2022-06-22,47779.0
2022-06-23,42148.0
2022-06-24,24841.0
2022-06-25,24421.0
2022-06-26,29420.0
2022-06-27,29451.0
2022-06-28,46960.0
2022-06-29,48915.0
2022-06-30,24644.0
2022-07-01,32082.0
2022-07-02,36953.0
2022-07-03,37345.0
2022-07-04,40313.0
2022-07-05,44527.0
2022-07-06,46556.0
2022-07-07,30015.0
2022-07-08,48124.0
2022-07-09,40390.0
2022-07-10,47430.0
2022-07-11,48103.0
2022-07-12,53570.0
2022-07-13,50492.0
2022-07-14,52761.0
2022-07-15,52036.0
2022-07-16,48766.0
2022-07-17,53499.0
2022-07-18,44206.0
2022-07-19,35049.0
2022-07-20,33029.0
2022-07-21,26343.0
2022-07-22,49613.0
2022-07-23,52675.0
2022-07-24,53758.0
2022-07-25,44833.0
2022-07-26,45578.0
2022-07-27,57168.0
2022-07-28,55097.0
2022-07-29,57649.0
2022-07-30,54499.0
2022-07-31,42068.0
2022-08-01,52625.0
2022-08-02,65389.0
2022-08-03,63082.0
2022-08-04,60072.0
2022-08-05,55525.0
2022-08-06,59045.0
2022-08-07,62944.0
2022-08-08,61875.0
2022-08-09,67861.0
2022-08-10,64258.0
2022-08-11,61346.0
2022-08-12,57808.0
2022-08-13,53530.0
2022-08-14,58646.0
2022-08-15,47385.0
2022-08-16,60442.0
2022-08-17,34343.0
2022-08-18,59983.0
2022-08-19,43349.0
2022-08-20,52981.0
2022-08-21,56653.0
2022-08-22,58774.0
2022-08-23,70909.0
2022-08-24,71473.0
2022-08-25,69871.0
2022-08-26,59029.0
2022-08-27,59168.0
2022-08-28,64380.0
2022-08-29,68426.0
2022-08-30,72847.0
2022-08-31,71626.0
2022-09-01,88040.0
2022-09-02,83693.0
2022-09-03,52469.0
2022-09-04,64917.0
2022-09-05,78650.0
2022-09-06,84791.0
2022-09-07,80256.0
2022-09-08,58923.0
2022-09-09,47600.0
2022-09-10,26851.0
2022-09-11,54563.0
2022-09-12,85913.0
2022-09-13,64590.0
2022-09-14,32317.0
2022-09-15,64195.0
2022-09-16,44903.0
2022-09-17,23482.0
2022-09-18,25158.0
2022-09-19,60847.0
2022-09-20,68852.0
2022-09-21,73995.0
2022-09-22,78122.0
2022-09-23,61252.0
2022-09-24,23755.0
2022-09-25,37264.0
2022-09-26,39779.0
2022-09-27,41601.0
2022-09-28,53895.0
2022-09-29,62951.0
2022-09-30,66212.0
2022-10-01,31421.0
2022-10-02,24627.0
2022-10-03,69485.0
2022-10-04,84496.0
2022-10-05,77190.0
2022-10-06,87823.0
2022-10-07,78005.0
2022-10-08,48453.0
2022-10-09,52381.0
2022-10-10,70452.0
2022-10-11,82794.0
2022-10-12,78186.0
2022-10-13,60016.0
2022-10-14,59901.0
2022-10-15,35221.0
2022-10-16,46499.0
2022-10-17,56195.0
2022-10-18,83188.0
2022-10-19,80757.0
2022-10-20,64318.0
2022-10-21,72062.0
2022-10-22,49529.0
2022-10-23,39252.0
2022-10-24,55600.0
2022-10-25,79987.0
2022-10-26,86188.0
2022-10-27,86539.0
2022-10-28,85234.0
2022-10-29,60874.0
2022-10-30,56229.0
2022-10-31,53561.0
2022-11-01,32663.0
2022-11-02,55632.0
2022-11-03,43491.0
2022-11-04,41349.0
2022-11-05,38474.0
2022-11-06,17789.0
2022-11-07,59292.0
2022-11-08,74054.0
2022-11-09,68817.0
2022-11-10,77052.0
2022-11-11,43450.0
2022-11-12,49498.0
2022-11-13,44747.0
2022-11-14,64337.0
2022-11-15,59131.0
2022-11-16,65256.0
2022-11-17,45840.0
2022-11-18,55592.0
2022-11-19,23164.0
2022-11-20,18451.0
2022-11-21,59246.0
2022-11-22,60619.0
2022-11-23,56773.0
2022-11-24,68904.0
2022-11-25,62405.0
2022-11-26,40045.0
2022-11-27,15163.0
2022-11-28,55403.0
2022-11-29,63456.0
2022-11-30,62470.0
2022-12-01,61312.0
2022-12-02,56411.0
2022-12-03,27853.0
2022-12-04,20843.0
2022-12-05,45027.0
2022-12-06,61613.0
2022-12-07,53060.0
2022-12-08,54637.0
2022-12-09,50594.0
2022-12-10,23368.0
2022-12-11,17045.0
2022-12-12,49443.0
2022-12-13,46528.0
2022-12-14,45130.0
2022-12-15,45217.0
2022-12-16,41994.0
2022-12-17,18680.0
2022-12-18,11095.0
2022-12-19,42134.0
2022-12-20,37282.0
2022-12-21,43733.0
2022-12-22,38527.0
2022-12-23,35898.0
2022-12-24,23669.0
2022-12-25,6054.0
2022-12-26,21565.0
2022-12-27,33488.0
2022-12-28,21537.0
2022-12-29,23273.0
2022-12-30,20777.0
2022-12-31,16983.0
2023-01-01,16435.0
2023-01-02,23732.0
2023-01-03,41477.0
2023-01-04,27251.0
2023-01-05,38980.0
2023-01-06,33559.0
2023-01-07,29360.0
2023-01-08,24496.0
2023-01-09,51424.0
2023-01-10,52233.0
2023-01-11,56774.0
2023-01-12,26728.0
2023-01-13,50985.0
2023-01-14,13169.0
2023-01-15,20298.0
2023-01-16,33179.0
2023-01-17,53686.0
2023-01-18,53320.0
2023-01-19,46027.0
2023-01-20,37802.0
2023-01-21,22382.0
2023-01-22,16779.0
2023-01-23,48197.0
2023-01-24,53291.0
2023-01-25,48819.0
2023-01-26,46327.0
2023-01-27,49301.0
2023-01-28,31050.0
2023-01-29,20877.0
2023-01-30,52149.0
2023-01-31,55308.0
2023-02-01,56746.0
2023-02-02,56732.0
2023-02-03,54280.0
2023-02-04,30758.0
2023-02-05,24407.0
2023-02-06,58114.0
2023-02-07,60751.0
2023-02-08,57018.0
2023-02-09,55695.0
2023-02-10,54732.0
2023-02-11,33388.0
2023-02-12,30184.0
2023-02-13,68720.0
2023-02-14,76219.0
2023-02-15,71717.0
2023-02-16,59395.0
2023-02-17,54467.0
2023-02-18,29048.0
2023-02-19,29821.0
2023-02-20,46672.0
2023-02-21,51229.0
2023-02-22,47740.0
2023-02-23,46923.0
2023-02-24,40762.0
2023-02-25,31373.0
2023-02-26,29170.0
2023-02-27,61304.0
2023-02-28,63243.0
2023-03-01,65228.0
2023-03-02,67165.0
2023-03-03,61051.0
2023-03-04,34063.0
2023-03-05,23403.0
2023-03-06,58054.0
2023-03-07,41938.0
2023-03-08,32247.0
2023-03-09,45375.0
2023-03-10,40379.0
2023-03-11,41502.0
2023-03-12,27114.0
2023-03-13,53962.0
2023-03-14,44495.0
2023-03-15,66324.0
2023-03-16,70196.0
2023-03-17,70642.0
2023-03-18,40662.0
2023-03-19,37671.0
2023-03-20,64794.0
2023-03-21,63027.0
2023-03-22,54910.0
2023-03-23,53665.0
2023-03-24,56710.0
2023-03-25,27495.0
2023-03-26,12262.0
2023-03-27,58377.0
2023-03-28,66473.0
2023-03-29,67391.0
2023-03-30,55845.0
2023-03-31,36462.0
2023-04-01,15795.0
2023-04-02,31097.0
2023-04-03,58115.0
2023-04-04,63541.0
2023-04-05,65763.0
2023-04-06,33737.0
2023-04-07,43522.0
2023-04-08,45989.0
2023-04-09,50593.0
2023-04-10,30310.0
2023-04-11,56451.0
2023-04-12,35200.0
2023-04-13,51847.0
2023-04-14,56332.0
2023-04-15,50366.0
2023-04-16,38536.0
2023-04-17,75110.0
2023-04-18,84502.0
2023-04-19,93887.0
2023-04-20,65836.0
2023-04-21,77185.0
2023-04-22,38062.0
2023-04-23,38796.0
2023-04-24,55280.0
2023-04-25,78139.0
2023-04-26,84104.0
2023-04-27,90172.0
2023-04-28,65444.0
2023-04-29,55061.0
2023-04-30,75568.0
2023-05-01,56440.0
2023-05-02,91316.0
2023-05-03,103838.0
2023-05-04,112821.0
2023-05-05,79419.0
2023-05-06,64007.0
2023-05-07,38593.0
2023-05-08,89594.0
2023-05-09,50521.0
2023-05-10,66012.0
2023-05-11,80260.0
2023-05-12,54277.0
2023-05-13,74256.0
2023-05-14,63179.0
2023-05-15,69775.0
2023-05-16,90951.0
2023-05-17,92989.0
2023-05-18,70288.0
2023-05-19,78096.0
2023-05-20,71402.0
2023-05-21,69778.0
2023-05-22,89748.0
2023-05-23,95190.0
2023-05-24,98870.0
2023-05-25,99391.0
2023-05-26,96789.0
2023-05-27,79851.0
2023-05-28,90073.0
2023-05-29,71661.0
2023-05-30,99031.0
2023-05-31,111216.0
2023-06-01,104963.0
2023-06-02,96384.0
2023-06-03,77927.0
2023-06-04,78678.0
2023-06-05,103211.0
2023-06-06,113587.0
2023-06-07,103974.0
2023-06-08,110264.0
2023-06-09,110146.0
2023-06-10,80776.0
2023-06-11,71018.0
2023-06-12,105644.0
2023-06-13,116435.0
2023-06-14,113707.0
2023-06-15,115256.0
2023-06-16,115964.0
2023-06-17,79216.0
2023-06-18,53943.0
2023-06-19,102891.0
2023-06-20,89592.0
2023-06-21,111088.0
2023-06-22,64490.0
2023-06-23,115286.0
2023-06-24,93640.0
2023-06-25,84818.0
2023-06-26,103548.0
2023-06-27,110147.0
2023-06-28,95066.0
2023-06-29,85361.0
2023-06-30,100452.0
2023-07-01,39783.0
2023-07-02,71217.0
2023-07-03,75589.0
2023-07-04,83084.0
2023-07-05,54531.0
2023-07-06,90413.0
2023-07-07,95661.0
2023-07-08,77298.0
2023-07-09,58054.0
2023-07-10,93804.0
2023-07-11,94844.0
2023-07-12,83522.0
2023-07-13,79443.0
2023-07-14,85578.0
2023-07-15,56547.0
2023-07-16,54495.0
2023-07-17,73189.0
2023-07-18,100842.0
2023-07-19,75306.0
2023-07-20,75381.0
2023-07-21,61215.0
2023-07-22,60861.0
2023-07-23,29913.0
2023-07-24,46121.0
2023-07-25,71085.0
2023-07-26,83626.0
2023-07-27,31768.0
2023-07-28,61574.0
2023-07-29,47763.0
2023-07-30,46120.0
2023-07-31,33421.0
2023-08-01,63388.0
2023-08-02,38383.0
2023-08-03,44871.0
2023-08-04,62063.0
2023-08-05,38017.0
2023-08-06,17873.0
2023-08-07,71840.0
2023-08-08,70798.0
2023-08-09,91823.0
2023-08-10,108325.0
2023-08-11,91298.0
2023-08-12,61723.0
2023-08-13,77497.0
2023-08-14,95275.0
2023-08-15,93749.0
2023-08-16,96129.0
2023-08-17,96875.0
2023-08-18,100540.0
2023-08-19,80084.0
2023-08-20,103494.0
2023-08-21,106827.0
2023-08-22,109825.0
2023-08-23,111575.0
2023-08-24,70980.0
2023-08-25,59429.0
2023-08-26,65864.0
2023-08-27,57037.0
2023-08-28,78586.0
2023-08-29,92632.0
2023-08-30,64366.0
2023-08-31,81096.0
2023-09-01,55926.0
2023-09-02,79411.0
2023-09-03,91362.0
2023-09-04,124752.0
2023-09-05,137270.0
2023-09-06,132871.0
2023-09-07,131483.0
2023-09-08,124869.0
2023-09-09,88334.0
2023-09-10,84092.0
2023-09-11,113746.0
2023-09-12,98889.0
2023-09-13,101678.0
2023-09-14,118890.0
2023-09-15,119802.0
2023-09-16,85788.0
2023-09-17,83205.0
2023-09-18,92650.0
2023-09-19,99123.0
2023-09-20,103210.0
2023-09-21,56185.0
2023-09-22,79588.0
2023-09-23,64948.0
2023-09-24,75814.0
2023-09-25,110373.0
2023-09-26,122926.0
2023-09-27,117904.0
2023-09-28,111472.0
2023-09-29,87994.0
2023-09-30,77033.0
2023-10-01,86928.0
2023-10-02,115101.0
2023-10-03,88746.0
2023-10-04,106172.0
2023-10-05,108927.0
2023-10-06,105946.0
2023-10-07,80393.0
2023-10-08,86762.0
2023-10-09,111471.0
2023-10-10,123863.0
2023-10-11,117037.0
2023-10-12,78561.0
2023-10-13,84181.0
2023-10-14,58538.0
2023-10-15,44628.0
2023-10-16,96502.0
2023-10-17,98331.0
2023-10-18,91747.0
2023-10-19,100957.0
2023-10-20,75850.0
2023-10-21,45542.0
2023-10-22,43435.0
2023-10-23,85470.0
2023-10-24,83831.0
2023-10-25,63465.0
2023-10-26,78513.0
2023-10-27,69220.0
2023-10-28,47249.0
2023-10-29,33112.0
2023-10-30,47757.0
2023-10-31,56834.0
2023-11-01,30324.0
2023-11-02,21687.0
2023-11-03,44951.0
2023-11-04,25201.0
2023-11-05,22657.0
2023-11-06,73298.0
2023-11-07,85118.0
2023-11-08,67004.0
2023-11-09,66190.0
2023-11-10,55004.0
2023-11-11,35999.0
2023-11-12,34557.0
2023-11-13,49837.0
2023-11-14,54898.0
2023-11-15,76259.0
2023-11-16,66793.0
2023-11-17,65285.0
2023-11-18,21868.0
2023-11-19,27218.0
2023-11-20,61106.0
2023-11-21,74047.0
2023-11-22,80084.0
2023-11-23,77444.0
2023-11-24,56786.0
2023-11-25,28798.0
2023-11-26,26071.0
2023-11-27,44625.0
2023-11-28,74314.0
2023-11-29,60613.0
2023-11-30,64004.0
2023-12-01,58158.0
2023-12-02,29927.0
2023-12-03,15962.0
2023-12-04,45746.0
2023-12-05,54668.0
2023-12-06,66458.0
2023-12-07,66842.0
2023-12-08,65567.0
2023-12-09,20835.0
2023-12-10,25753.0
2023-12-11,62310.0
2023-12-12,64620.0
2023-12-13,55664.0
2023-12-14,68279.0
2023-12-15,72577.0
2023-12-16,42050.0
2023-12-17,38678.0
2023-12-18,69902.0
2023-12-19,50279.0
2023-12-20,56167.0
2023-12-21,47612.0
2023-12-22,46549.0
2023-12-23,37873.0
2023-12-24,12987.0
2023-12-25,9030.0
2023-12-26,40256.0
2023-12-27,39250.0
2023-12-28,41982.0
2023-12-29,26154.0
2023-12-30,39822.0
2023-12-31,18331.0
2024-01-01,19310.0
2024-01-02,20708.0
2024-01-03,28416.0
2024-01-04,44952.0
2024-01-05,30265.0
2024-01-06,29669.0
2024-01-07,22328.0
2024-01-08,55170.0
2024-01-09,57361.0
2024-01-10,54982.0
2024-01-11,56922.0
2024-01-12,57519.0
2024-01-13,32057.0
2024-01-14,20303.0
2024-01-15,51649.0
2024-01-16,52427.0
2024-01-17,37419.0
2024-01-18,37755.0
2024-01-19,43109.0
2024-01-20,23591.0
2024-01-21,18030.0
2024-01-22,48066.0
2024-01-23,62102.0
2024-01-24,62267.0
2024-01-25,66687.0
2024-01-26,57726.0
2024-01-27,43393.0
2024-01-28,35406.0
2024-01-29,75878.0
2024-01-30,76988.0
2024-01-31,75491.0
2024-02-01,81519.0
2024-02-02,69901.0
2024-02-03,38510.0
2024-02-04,27552.0
2024-02-05,69421.0
2024-02-06,64728.0
2024-02-07,44270.0
2024-02-08,45828.0
2024-02-09,58449.0
2024-02-10,45108.0
2024-02-11,33166.0
2024-02-12,59833.0
2024-02-13,65877.0
2024-02-14,41238.0
2024-02-15,65088.0
2024-02-16,48329.0
2024-02-17,55245.0
2024-02-18,17000.0
2024-02-19,70303.0
2024-02-20,86206.0
2024-02-21,64402.0
2024-02-22,52482.0
2024-02-23,58192.0
2024-02-24,36002.0
2024-02-25,36538.0
2024-02-26,43741.0
2024-02-27,86282.0
2024-02-28,78640.0
2024-02-29,62872.0
2024-03-01,67579.0
2024-03-02,43976.0
2024-03-03,34919.0
2024-03-04,87800.0
2024-03-05,75711.0
2024-03-06,90000.0
2024-03-07,91148.0
2024-03-08,88364.0
2024-03-09,59838.0
2024-03-10,41670.0
2024-03-11,43340.0
2024-03-12,64799.0
2024-03-13,76596.0
2024-03-14,105515.0
2024-03-15,67341.0
2024-03-16,54640.0
2024-03-17,33718.0
2024-03-18,86737.0
2024-03-19,104898.0
2024-03-20,106877.0
2024-03-21,94829.0
2024-03-22,67772.0
2024-03-23,36920.0
2024-03-24,29298.0
2024-03-25,88567.0
2024-03-26,92972.0
2024-03-27,80881.0
2024-03-28,64816.0
2024-03-29,79410.0
2024-03-30,41477.0
2024-03-31,36274.0
2024-04-01,45155.0
2024-04-02,50502.0
2024-04-03,46571.0
2024-04-04,43018.0
2024-04-05,54553.0
2024-04-06,81914.0
2024-04-07,56870.0
2024-04-08,70775.0
2024-04-09,53681.0
2024-04-10,82869.0
2024-04-11,61246.0
2024-04-12,81772.0
2024-04-13,86678.0
2024-04-14,63425.0
2024-04-15,62526.0
2024-04-16,47081.0
2024-04-17,60198.0
2024-04-18,87888.0
2024-04-19,53824.0
2024-04-20,42044.0
2024-04-21,36938.0
2024-04-22,79824.0
2024-04-23,92652.0
2024-04-24,66790.0
2024-04-25,78374.0
2024-04-26,68293.0
2024-04-27,50355.0
2024-04-28,38300.0
2024-04-29,103616.0
2024-04-30,104220.0
2024-05-01,95615.0
2024-05-02,89186.0
2024-05-03,56148.0
2024-05-04,52503.0
2024-05-05,69807.0
2024-05-06,71013.0
2024-05-07,89332.0
2024-05-08,96957.0
2024-05-09,84629.0
2024-05-10,96417.0
2024-05-11,92758.0
2024-05-12,81501.0
2024-05-13,97187.0
2024-05-14,106655.0
2024-05-15,66917.0
2024-05-16,60708.0
2024-05-17,82475.0
2024-05-18,60884.0
2024-05-19,70967.0
2024-05-20,71420.0
2024-05-21,73112.0
2024-05-22,83282.0
2024-05-23,98442.0
2024-05-24,72888.0
2024-05-25,56686.0
2024-05-26,48839.0
2024-05-27,83547.0
2024-05-28,82739.0
2024-05-29,75318.0
2024-05-30,89317.0
2024-05-31,70280.0
2024-06-01,38011.0
2024-06-02,74371.0
2024-06-03,99372.0
2024-06-04,106895.0
2024-06-05,100302.0
2024-06-06,109777.0
2024-06-07,111044.0
2024-06-08,68767.0
2024-06-09,73456.0
2024-06-10,53897.0
2024-06-11,85002.0
2024-06-12,87126.0
2024-06-13,102039.0
2024-06-14,77272.0
2024-06-15,42059.0
2024-06-16,39332.0
2024-06-17,84498.0
2024-06-18,57742.0
2024-06-19,100274.0
2024-06-20,87746.0
2024-06-21,76568.0
2024-06-22,67582.0
2024-06-23,93232.0
2024-06-24,118040.0
2024-06-25,128299.0
2024-06-26,118691.0
2024-06-27,117435.0
2024-06-28,107873.0
2024-06-29,77965.0
2024-06-30,61203.0
2024-07-01,84488.0
2024-07-02,61392.0
2024-07-03,57032.0
2024-07-04,78758.0
2024-07-05,58605.0
2024-07-06,48056.0
2024-07-07,57939.0
2024-07-08,82041.0
2024-07-09,79611.0
2024-07-10,81545.0
2024-07-11,95040.0
2024-07-12,35233.0
2024-07-13,90291.0
2024-07-14,84275.0
2024-07-15,86711.0
2024-07-16,62034.0
2024-07-17,99009.0
2024-07-18,106642.0
2024-07-19,102171.0
2024-07-20,84237.0
2024-07-21,68821.0
2024-07-22,87607.0
2024-07-23,58144.0
2024-07-24,98566.0
2024-07-25,92155.0
2024-07-26,77040.0
2024-07-27,67120.0
2024-07-28,91394.0
2024-07-29,103144.0
2024-07-30,106245.0
2024-07-31,82300.0
2024-08-01,55395.0
2024-08-02,95396.0
2024-08-03,67226.0
2024-08-04,75848.0
2024-08-05,103398.0
2024-08-06,113159.0
2024-08-07,85006.0
2024-08-08,103786.0
2024-08-09,74698.0
2024-08-10,94696.0
2024-08-11,94490.0
2024-08-12,95373.0
2024-08-13,96835.0
2024-08-14,81369.0
2024-08-15,104867.0
2024-08-16,63929.0
2024-08-17,94782.0
2024-08-18,96367.0
2024-08-19,106278.0
2024-08-20,77294.0
2024-08-21,96874.0
2024-08-22,99445.0
2024-08-23,73046.0
2024-08-24,56893.0
2024-08-25,78868.0
2024-08-26,93850.0
2024-08-27,114840.0
2024-08-28,114587.0
2024-08-29,112757.0
2024-08-30,84764.0
2024-08-31,79473.0
2024-09-01,87024.0
2024-09-02,117506.0
2024-09-03,106454.0
2024-09-04,105377.0
2024-09-05,105822.0
2024-09-06,83149.0
2024-09-07,84944.0
2024-09-08,68915.0
2024-09-09,71770.0
2024-09-10,86023.0
2024-09-11,84423.0
2024-09-12,82345.0
2024-09-13,83391.0
2024-09-14,71719.0
2024-09-15,79342.0
2024-09-16,93830.0
2024-09-17,108009.0
2024-09-18,119775.0
2024-09-19,122579.0
2024-09-20,120257.0
2024-09-21,100235.0
2024-09-22,73420.0
2024-09-23,98297.0
2024-09-24,94877.0
2024-09-25,76793.0
2024-09-26,79980.0
2024-09-27,66060.0
2024-09-28,47151.0
2024-09-29,56085.0
2024-09-30,64465.0
2024-10-01,79369.0
2024-10-02,91480.0
2024-10-03,100235.0
2024-10-04,99466.0
2024-10-05,72975.0
2024-10-06,60633.0
2024-10-07,95167.0
2024-10-08,100931.0
2024-10-09,66764.0
2024-10-10,67761.0
2024-10-11,90064.0
2024-10-12,48132.0
2024-10-13,47398.0
2024-10-14,68728.0
2024-10-15,97706.0
2024-10-16,111709.0
2024-10-17,93331.0
2024-10-18,89103.0
2024-10-19,54378.0
2024-10-20,50426.0
2024-10-21,59666.0
2024-10-22,96475.0
2024-10-23,103878.0
2024-10-24,107814.0
2024-10-25,101703.0
2024-10-26,71495.0
2024-10-27,57521.0
2024-10-28,69830.0
2024-10-29,57148.0
2024-10-30,67339.0
2024-10-31,73715.0
2024-11-01,38526.0
2024-11-02,46554.0
2024-11-03,44701.0
2024-11-04,83958.0
2024-11-05,88673.0
2024-11-06,80656.0
2024-11-07,82662.0
2024-11-08,76403.0
2024-11-09,44950.0
2024-11-10,38620.0
2024-11-11,34175.0
2024-11-12,80841.0
2024-11-13,84996.0
2024-11-14,79382.0
2024-11-15,80849.0
2024-11-16,47732.0
2024-11-17,33697.0
2024-11-18,75393.0
2024-11-19,49943.0
2024-11-20,60186.0
2024-11-21,62782.0
2024-11-22,55132.0
2024-11-23,31296.0
2024-11-24,35582.0
2024-11-25,55567.0
2024-11-26,73037.0
2024-11-27,56179.0
2024-11-28,82674.0
2024-11-29,75822.0
2024-11-30,43020.0
2024-12-01,32173.0
2024-12-02,67915.0
2024-12-03,78186.0
2024-12-04,73312.0
2024-12-05,55194.0
2024-12-06,66569.0
2024-12-07,23126.0
2024-12-08,20906.0
2024-12-09,61585.0
2024-12-10,71797.0
2024-12-11,68576.0
2024-12-12,69912.0
2024-12-13,69642.0
2024-12-14,31630.0
2024-12-15,30896.0
2024-12-16,67934.0
2024-12-17,75883.0
2024-12-18,62680.0
2024-12-19,50321.0
2024-12-20,70957.0
2024-12-21,29741.0
2024-12-22,19092.0
2024-12-23,37725.0
2024-12-24,27346.0
2024-12-25,14458.0
2024-12-26,34379.0
2024-12-27,36481.0
2024-12-28,31900.0
2024-12-29,23659.0
2024-12-30,36362.0
2024-12-31,32023.0
2025-01-01,15133.0
2025-01-02,37541.0
2025-01-03,40332.0
2025-01-04,31939.0
2025-01-05,10081.0
2025-01-06,50721.0
2025-01-07,60704.0
2025-01-08,56780.0
2025-01-09,36373.0
2025-01-10,48739.0
2025-01-11,24238.0
2025-01-12,19599.0
2025-01-13,49561.0
2025-01-14,59971.0
2025-01-15,61528.0
2025-01-16,65562.0
2025-01-17,60061.0
2025-01-18,30313.0
2025-01-19,21960.0
2025-01-20,60171.0
2025-01-21,65117.0
2025-01-22,54287.0
2025-01-23,62495.0
2025-01-24,46239.0
2025-01-25,27797.0
2025-01-26,27241.0
2025-01-27,62834.0
2025-01-28,63155.0
2025-01-29,65207.0
2025-01-30,49722.0
2025-01-31,67690.0
2025-02-01,43262.0
2025-02-02,35345.0
2025-02-03,66823.0
2025-02-04,69694.0
2025-02-05,67041.0
2025-02-06,67250.0
2025-02-07,59581.0
2025-02-08,43755.0
2025-02-09,29469.0
2025-02-10,59639.0
2025-02-11,47225.0
2025-02-12,69328.0
2025-02-13,67409.0
2025-02-14,64522.0
2025-02-15,37994.0
2025-02-16,28329.0
2025-02-17,68359.0
2025-02-18,72462.0
2025-02-19,71777.0
2025-02-20,74804.0
2025-02-21,92739.0
2025-02-22,29543.0
2025-02-23,58659.0
2025-02-24,63795.0
2025-02-25,77060.0
2025-02-26,79766.0
2025-02-27,69900.0
2025-02-28,73910.0
2025-03-01,43990.0
2025-03-02,51584.0
2025-03-03,67503.0
2025-03-04,76222.0
2025-03-05,80303.0
2025-03-06,83394.0
2025-03-07,84515.0
2025-03-08,77916.0
2025-03-09,84962.0
2025-03-10,99798.0
2025-03-11,83586.0
2025-03-12,79067.0
2025-03-13,78941.0
2025-03-14,80260.0
2025-03-15,46726.0
2025-03-16,50578.0
2025-03-17,81075.0
2025-03-18,93709.0
2025-03-19,106028.0
2025-03-20,113212.0
2025-03-21,111565.0
2025-03-22,58670.0
2025-03-23,61573.0
2025-03-24,90625.0
2025-03-25,97423.0
2025-03-26,91337.0
2025-03-27,108064.0
2025-03-28,85292.0
2025-03-29,63749.0
2025-03-30,47816.0
2025-03-31,91272.0
2025-04-01,104815.0
2025-04-02,98831.0
2025-04-03,112777.0
2025-04-04,120279.0
2025-04-05,79644.0
2025-04-06,55199.0
2025-04-07,77949.0
2025-04-08,87817.0
2025-04-09,81456.0
2025-04-10,77832.0
2025-04-11,86289.0
2025-04-12,95318.0
2025-04-13,55092.0
2025-04-14,79402.0
2025-04-15,68052.0
2025-04-16,66975.0
2025-04-17,65238.0
2025-04-18,78827.0
2025-04-19,73324.0
2025-04-20,42860.0
2025-04-21,50871.0
2025-04-22,107937.0
2025-04-23,77577.0
2025-04-24,68391.0
2025-04-25,96906.0
2025-04-26,79575.0
2025-04-27,84981.0
2025-04-28,120613.0
2025-04-29,134819.0
2025-04-30,134629.0
2025-05-01,109866.0
2025-05-02,113247.0
2025-05-03,68577.0
2025-05-04,50741.0
2025-05-05,98311.0
2025-05-06,107824.0
2025-05-07,101042.0
2025-05-08,111834.0
2025-05-09,114651.0
2025-05-10,91442.0
2025-05-11,85954.0
2025-05-12,122047.0
2025-05-13,133990.0
2025-05-14,128285.0
2025-05-15,109660.0
2025-05-16,111507.0
2025-05-17,73357.0
2025-05-18,65386.0
2025-05-19,114486.0
2025-05-20,128480.0
2025-05-21,111847.0
2025-05-22,98958.0
2025-05-23,96803.0
2025-05-24,34766.0
2025-05-25,37721.0
2025-05-26,91210.0
2025-05-27,64820.0
2025-05-28,69464.0
2025-05-29,49444.0
2025-05-30,86230.0
2025-05-31,78934.0
2025-06-01,60017.0
2025-06-02,97730.0
2025-06-03,109169.0
2025-06-04,87295.0
2025-06-05,73504.0
2025-06-06,81233.0
2025-06-07,35286.0
2025-06-08,44217.0
2025-06-09,65438.0
2025-06-10,95069.0
2025-06-11,116658.0
2025-06-12,121791.0
2025-06-13,115465.0
2025-06-14,66272.0
2025-06-15,76160.0
2025-06-16,115795.0
2025-06-17,126531.0
2025-06-18,121345.0
2025-06-19,126308.0
2025-06-20,126114.0
2025-06-21,90252.0
2025-06-22,74280.0
2025-06-23,97349.0
2025-06-24,104790.0
2025-06-25,113847.0
2025-06-26,74338.0
2025-06-27,101796.0
2025-06-28,86784.0
2025-06-29,85286.0
2025-06-30,104136.0
2025-07-01,89320.0
2025-07-02,74495.0
2025-07-03,103477.0
2025-07-04,101739.0
2025-07-05,71783.0
2025-07-06,25314.0
2025-07-07,53831.0
2025-07-08,70394.0
2025-07-09,99975.0
2025-07-10,102298.0
2025-07-11,95315.0
2025-07-12,86373.0
2025-07-13,87266.0
2025-07-14,80065.0
2025-07-15,90456.0
2025-07-16,74363.0
2025-07-17,100478.0
2025-07-18,97778.0
2025-07-19,76179.0
2025-07-20,56892.0
2025-07-21,46660.0
2025-07-22,71384.0
2025-07-23,72453.0
2025-07-24,79925.0
2025-07-25,81416.0
2025-07-26,84137.0
2025-07-27,48220.0
2025-07-28,72930.0
2025-07-29,78149.0
2025-07-30,83351.0
2025-07-31,60098.0
2025-08-01,62789.0
2025-08-02,42140.0
2025-08-03,74054.0
2025-08-04,70493.0
2025-08-05,88962.0
2025-08-06,96856.0
2025-08-07,97497.0
2025-08-08,91612.0
2025-08-09,89199.0
2025-08-10,93632.0
2025-08-11,99837.0
2025-08-12,103710.0
2025-08-13,98498.0
2025-08-14,103061.0
2025-08-15,102786.0
2025-08-16,79220.0
2025-08-17,89712.0
2025-08-18,99935.0
2025-08-19,112967.0
2025-08-20,99835.0
2025-08-21,100641.0
2025-08-22,88924.0
2025-08-23,73497.0
2025-08-24,92541.0
2025-08-25,110891.0
2025-08-26,120954.0
2025-08-27,110735.0
2025-08-28,96806.0
2025-08-29,78281.0
2025-08-30,71990.0
2025-08-31,54741.0
2025-09-01,113751.0
2025-09-02,113917.0
2025-09-03,87713.0
2025-09-04,102563.0
2025-09-05,117253.0
2025-09-06,91246.0
2025-09-07,98810.0
2025-09-08,116347.0
2025-09-09,94785.0
2025-09-10,113282.0
2025-09-11,87531.0
2025-09-12,90047.0
2025-09-13,48093.0
2025-09-14,66101.0
2025-09-15,79513.0
2025-09-16,97188.0
2025-09-17,90867.0
2025-09-18,112244.0
2025-09-19,133119.0
2025-09-20,67496.0
2025-09-21,59708.0
2025-09-22,100648.0
2025-09-23,111331.0
2025-09-24,102256.0
2025-09-25,99143.0
2025-09-26,101957.0
2025-09-27,79560.0
2025-09-28,75187.0
2025-09-29,109733.0
2025-09-30,116257.0
2025-10-01,107981.0
2025-10-02,113904.0
2025-10-03,79265.0
2025-10-04,32569.0
2025-10-05,33642.0
2025-10-06,94326.0
2025-10-07,102645.0
2025-10-08,104794.0
2025-10-09,107124.0
2025-10-10,102969.0
2025-10-11,62665.0
2025-10-12,62364.0
2025-10-13,96297.0
2025-10-14,106510.0
2025-10-15,100116.0
2025-10-16,102394.0
2025-10-17,99519.0
2025-10-18,66534.0
2025-10-19,52907.0
2025-10-20,84639.0
2025-10-21,84738.0
2025-10-22,99189.0
2025-10-23,50566.0
2025-10-24,77859.0
2025-10-25,28492.0
2025-10-26,38205.0
2025-10-27,46706.0
2025-10-28,59575.0
2025-10-29,64551.0
2025-10-30,76666.0
2025-10-31,67951.0
2025-11-01,28262.0
2025-11-02,40244.0
2025-11-03,91562.0
2025-11-04,105903.0
2025-11-05,110613.0
2025-11-06,106682.0
2025-11-07,106406.0
2025-11-08,65580.0
2025-11-09,55684.0
2025-11-10,60822.0
2025-11-11,44476.0
2025-11-12,104192.0
2025-11-13,96572.0
2025-11-14,88001.0
2025-11-15,50170.0
2025-11-16,32194.0
2025-11-17,80940.0
2025-11-18,85043.0
2025-11-19,67418.0
2025-11-20,66379.0
2025-11-21,74979.0
2025-11-22,37239.0
2025-11-23,18789.0
2025-11-24,62420.0
2025-11-25,71729.0
2025-11-26,83452.0
2025-11-27,72108.0
2025-11-28,71515.0
2025-11-29,42683.0
2025-11-30,34560.0
2025-12-01,76846.0
2025-12-02,85918.0
2025-12-03,85296.0
2025-12-04,81189.0
2025-12-05,79406.0
2025-12-06,29231.0
2025-12-07,24380.0
2025-12-08,72728.0
2025-12-09,87813.0
2025-12-10,88153.0
2025-12-11,86043.0
2025-12-12,86770.0
2025-12-13,54639.0
2025-12-14,36588.0
2025-12-15,87167.0
2025-12-16,87661.0
2025-12-17,77991.0
2025-12-18,78317.0
2025-12-19,73986.0
2025-12-20,44514.0
2025-12-21,42276.0
2025-12-22,58593.0
2025-12-23,52125.0
2025-12-24,32246.0
2025-12-25,11877.0
2025-12-26,28945.0
2025-12-27,30199.0
2025-12-28,30488.0
2025-12-29,35791.0
2025-12-30,42951.0
2025-12-31,30843.0
2026-01-01,16941.0
2026-01-02,32091.0
2026-01-03,18434.0
2026-01-04,16194.0
2026-01-05,46848.0
2026-01-06,43031.0
2026-01-07,31101.0
2026-01-08,41160.0
2026-01-09,26996.0
2026-01-10,19731.0
2026-01-11,15753.0
2026-01-12,54991.0
2026-01-13,71953.0
2026-01-14,69241.0
2026-01-15,73298.0
2026-01-16,78430.0
2026-01-17,48627.0
2026-01-18,43283.0
2026-01-19,79375.0
2026-01-20,82592.0
2026-01-21,76099.0
2026-01-22,80632.0
2026-01-23,76701.0
2026-01-24,51021.0
2026-01-25,33670.0
2026-01-26,67943.0
2026-01-27,58380.0
2026-01-28,72102.0
2026-01-29,72604.0
2026-01-30,69985.0
2026-01-31,46495.0
2026-02-01,35095.0
2026-02-02,73097.0
2026-02-03,62699.0
2026-02-04,86888.0
2026-02-05,72256.0
2026-02-06,58575.0
2026-02-07,55240.0
2026-02-08,51348.0
2026-02-09,82950.0
2026-02-10,77966.0
2026-02-11,66456.0
2026-02-12,66544.0
2026-02-13,64503.0
2026-02-14,39112.0
2026-02-15,20601.0
2026-02-16,43743.0
2026-02-17,46290.0
2026-02-18,57846.0
2026-02-19,47464.0
2026-02-20,52443.0
2026-02-21,31719.0
2026-02-22,19037.0
2026-02-23,78452.0
2026-02-24,86718.0
2026-02-25,124448.0
2026-02-26,106123.0
2026-02-27,82436.0
2026-02-28,39381.0
2026-03-01,51734.0
2026-03-02,105278.0
2026-03-03,117348.0
2026-03-04,115809.0
2026-03-05,122168.0
2026-03-06,110296.0
2026-03-07,67682.0
2026-03-08,68308.0
2026-03-09,112039.0
2026-03-10,86247.0
2026-03-11,69932.0
2026-03-12,97257.0
2026-03-13,55750.0
2026-03-14,39790.0
2026-03-15,57918.0
2026-03-16,86001.0
2026-03-17,106935.0
2026-03-18,117897.0
2026-03-19,119108.0
2026-03-20,103343.0
2026-03-21,72048.0
2026-03-22,72033.0
2026-03-23,108527.0
2026-03-24,109299.0
2026-03-25,65456.0
2026-03-26,72112.0
2026-03-27,84643.0
2026-03-28,47867.0
2026-03-29,51789.0
2026-03-30,77566.0
2026-03-31,96337.0
2026-04-01,100086.0
2026-04-02,81748.0
2026-04-03,89426.0
2026-04-04,62274.0
2026-04-05,35723.0
2026-04-06,71976.0
2026-04-07,103921.0
2026-04-08,111428.0
2026-04-09,101459.0
2026-04-10,75965.0
2026-04-11,53170.0
2026-04-12,57140.0
2026-04-13,72580.0
2026-04-14,96035.0
2026-04-15,96743.0
2026-04-16,91883.0
2026-04-17,97177.0
2026-04-18,50426.0
2026-04-19,84773.0
2026-04-20,104924.0
2026-04-21,113968.0
2026-04-22,125386.0
2026-04-23,129863.0
2026-04-24,120454.0
2026-04-25,84339.0
2026-04-26,86039.0
2026-04-27,118892.0
2026-04-28,124979.0
2026-04-29,123190.0
2026-04-30,125608.0
2026-05-01,110245.0
2026-05-02,79012.0
2026-05-03,34047.0
2026-05-04,96461.0
2026-05-05,93448.0
2026-05-06,87955.0
2026-05-07,111972.0
2026-05-08,116335.0
2026-05-09,96069.0
2026-05-10,64459.0
2026-05-11,77806.0
2026-05-12,98063.0
2026-05-13,72488.0
2026-05-14,33737.0
2026-05-15,36222.0
2026-05-16,712.0
